"Name","Edge List"
"Marlon Manderly","(Marlon Manderly-marlon)(Marlon Manderly-wyman)"
"Marq Piper","(Marq Piper-red)(Marq Piper-marq)(Marq Piper-will)"
"Robert Arryn","(Robert Arryn-robert)(Robert Arryn-big)(Robert Arryn-cersei)(Robert Arryn-colemon)(Robert Arryn-will)(Robert Arryn-eddard)(Robert Arryn-janos)(Robert Arryn-joffrey)(Robert Arryn-tyrion)(Robert Arryn-sansa)"
"Gevin Harlaw",""
"Mors Umber","(Mors Umber-mors)(Mors Umber-red)(Mors Umber-wyman)(Mors Umber-roose)"
"Thoros","(Thoros-thoros)(Thoros-jorah)"
"Patrek of King's Mountain","(Patrek of King's Mountain-black)(Patrek of King's Mountain-jon)(Patrek of King's Mountain-patrek)"
"Roose Bolton","(Roose Bolton-mors)(Roose Bolton-walton)(Roose Bolton-wyman)(Roose Bolton-roose)"
"Norjen",""
"Benedar Belmore","(Benedar Belmore-benedar)(Benedar Belmore-symond)"
"Denys Drumm","(Denys Drumm-denys)(Denys Drumm-black)(Denys Drumm-jon)"
"Arneld",""
"Chiggen",""
"Grenn","(Grenn-jon)(Grenn-grenn)"
"Meldred Merlyn","(Meldred Merlyn-meldred)"
"Alyn Stackspear","(Alyn Stackspear-will)(Alyn Stackspear-alyn)"
"Hod",""
"Jorah Mormont","(Jorah Mormont-thoros)(Jorah Mormont-tregar)(Jorah Mormont-jorah)(Jorah Mormont-daario)"
"Penny","(Penny-penny)"
"Hallis Mollen","(Hallis Mollen-hallis)"
"Black Bernarr","(Black Bernarr-yohn)(Black Bernarr-will)(Black Bernarr-anvil)(Black Bernarr-eddard)(Black Bernarr-black)(Black Bernarr-jon)(Black Bernarr-gorold)(Black Bernarr-tyrion)(Black Bernarr-sansa)(Black Bernarr-selyse)(Black Bernarr-robin)(Black Bernarr-shireen)(Black Bernarr-maric)(Black Bernarr-denys)(Black Bernarr-patrek)"
"Walton","(Walton-walton)(Walton-roose)"
"Thistle",""
"Maege Mormont","(Maege Mormont-maege)"
"Brienne of Tarth","(Brienne of Tarth-petyr)(Brienne of Tarth-tormund)(Brienne of Tarth-cleos)(Brienne of Tarth-rorge)(Brienne of Tarth-sansa)(Brienne of Tarth-shagwell)(Brienne of Tarth-arya)(Brienne of Tarth-brienne)(Brienne of Tarth-hyle)"
"Ryman Frey","(Ryman Frey-will)(Ryman Frey-ryman)(Ryman Frey-olyvar)"
"Goghor",""
"Dobber",""
"Nan","(Nan-nan)"
"Yohn Royce","(Yohn Royce-andar)(Yohn Royce-yohn)(Yohn Royce-will)(Yohn Royce-black)(Yohn Royce-jon)(Yohn Royce-sansa)(Yohn Royce-robin)"
"Eggon",""
"Sallor","(Sallor-sallor)"
"Humfrey Swyft","(Humfrey Swyft-humfrey)"
"Munciter",""
"Ryk","(Ryk-tormund)(Ryk-ryk)(Ryk-jon)"
"Hop-Robin",""
"Squint","(Squint-will)(Squint-squint)"
"Malliard",""
"Sarra Frey","(Sarra Frey-sarra)"
"Osfryd Kettleblack","(Osfryd Kettleblack-cersei)(Osfryd Kettleblack-osfryd)"
"Rowan","(Rowan-rowan)"
"Alyn Ambrose","(Alyn Ambrose-will)(Alyn Ambrose-alyn)"
"Donnel Haigh","(Donnel Haigh-donnel)"
"Kenned",""
"Jon Connington","(Jon Connington-tormund)(Jon Connington-yohn)(Jon Connington-eon)(Jon Connington-will)(Jon Connington-ryk)(Jon Connington-jon)(Jon Connington-black)(Jon Connington-sansa)(Jon Connington-robin)(Jon Connington-denys)(Jon Connington-morna)(Jon Connington-patrek)(Jon Connington-grenn)(Jon Connington-ronnel)"
"Alla Tyrell","(Alla Tyrell-joffrey)(Alla Tyrell-alla)"
"Meera Reed","(Meera Reed-meera)"
"Goady",""
"Kedge Whiteye","(Kedge Whiteye-kedge)"
"Belwas","(Belwas-will)(Belwas-belwas)(Belwas-daario)"
"Wyman Manderly","(Wyman Manderly-marlon)(Wyman Manderly-mors)(Wyman Manderly-red)(Wyman Manderly-wendel)(Wyman Manderly-wyman)(Wyman Manderly-roose)"
"Garin ","(Garin -garin)"
"Lorent Caswell","(Lorent Caswell-lorent)"
"Hyle Hunt","(Hyle Hunt-hyle)(Hyle Hunt-brienne)"
"Jacelyn Bywater","(Jacelyn Bywater-jacelyn)"
"Paxter Redwyne","(Paxter Redwyne-olenna)(Paxter Redwyne-paxter)"
"Anguy","(Anguy-anguy)"
"Jaggot",""
"Eon Hunter","(Eon Hunter-eon)(Eon Hunter-jon)"
"Creighton Longbough",""
"Rorge","(Rorge-rorge)(Rorge-arya)(Rorge-brienne)"
"Justin Massey","(Justin Massey-richard)(Justin Massey-justin)"
"Pate","(Pate-pate)"
"Murenmure","(Murenmure-murenmure)"
"Shireen Baratheon","(Shireen Baratheon-black)(Shireen Baratheon-selyse)(Shireen Baratheon-shireen)"
"Becca the Baker",""
"Lambert Turnberry","(Lambert Turnberry-lambert)"
"Areo Hotah","(Areo Hotah-areo)"
"Cersei Frey","(Cersei Frey-joffrey)(Cersei Frey-tyrion)(Cersei Frey-sansa)(Cersei Frey-shae)(Cersei Frey-daemon)(Cersei Frey-robert)(Cersei Frey-cersei)(Cersei Frey-arya)(Cersei Frey-osfryd)(Cersei Frey-janos)"
"Praed",""
"Rigney",""
"Tuffleberry",""
"Mariya Darry","(Mariya Darry-mariya)"
"Anvil Ryn","(Anvil Ryn-anvil)(Anvil Ryn-black)(Anvil Ryn-tyrion)"
"Illyrio Mopatis","(Illyrio Mopatis-illyrio)(Illyrio Mopatis-drogo)"
"Tytos Frey","(Tytos Frey-tytos)"
"Will","(Will-marq)(Will-big)(Will-falia)(Will-yohn)(Will-will)(Will-alester)(Will-eddard)(Will-black)(Will-jon)(Will-ben)(Will-tyrion)(Will-wat)(Will-sansa)(Will-ryman)(Will-alyn)(Will-robert)(Will-robin)(Will-red)(Will-colemon)(Will-squint)(Will-desmond)(Will-mirri)(Will-belwas)(Will-daario)"
"Orphan Oss","(Orphan Oss-orphan)"
"Lucan","(Lucan-lucan)"
"Josmyn Peckledon",""
"Wayn",""
"Drogo","(Drogo-illyrio)(Drogo-red)(Drogo-rakharo)(Drogo-quaro)(Drogo-mirri)(Drogo-drogo)(Drogo-jhogo)"
"Luco Prestayn",""
"Daario Naharis","(Daario Naharis-will)(Daario Naharis-belwas)(Daario Naharis-daario)(Daario Naharis-jorah)"
"Gynir","(Gynir-gynir)"
"Gage",""
"Dunsen","(Dunsen-arya)(Dunsen-dunsen)"
"Jate Blackberry",""
"Tormund","(Tormund-tormund)(Tormund-ryk)(Tormund-jon)(Tormund-morna)(Tormund-brienne)"
"Garlan Tyrell","(Garlan Tyrell-joffrey)(Garlan Tyrell-tyrion)(Garlan Tyrell-garlan)"
"Tion Frey","(Tion Frey-tion)"
"Qotho",""
"Sansa Stark","(Sansa Stark-petyr)(Sansa Stark-vayon)(Sansa Stark-yohn)(Sansa Stark-will)(Sansa Stark-eddard)(Sansa Stark-black)(Sansa Stark-jon)(Sansa Stark-joffrey)(Sansa Stark-sansa)(Sansa Stark-shae)(Sansa Stark-robin)(Sansa Stark-robert)(Sansa Stark-cersei)(Sansa Stark-colemon)(Sansa Stark-arya)(Sansa Stark-brienne)"
"Willum",""
"Mikken","(Mikken-mikken)"
"Shyra Errol",""
"Deziel Dalt","(Deziel Dalt-deziel)"
"Janos Slynt","(Janos Slynt-joffrey)(Janos Slynt-tyrion)(Janos Slynt-robert)(Janos Slynt-cersei)(Janos Slynt-janos)"
"Maris",""
"Ulmer",""
"Brown Bernarr","(Brown Bernarr-brown)"
"Andar Royce","(Andar Royce-andar)(Andar Royce-yohn)"
"Alester Florent","(Alester Florent-alester)(Alester Florent-will)"
"Asha Greyjoy","(Asha Greyjoy-asha)"
"Matrice",""
"Jhezane",""
"Marwyn","(Marwyn-marwyn)"
"Small Paul",""
"Parmen Crane",""
"Moreo Tumitis",""
"Timett",""
"Jhogo","(Jhogo-rakharo)(Jhogo-jhogo)(Jhogo-drogo)"
"Kindly man","(Kindly man-kindly)(Kindly man-arya)"
"Ronnel Harclay","(Ronnel Harclay-jon)(Ronnel Harclay-ronnel)"
"Lymond Goodbrook","(Lymond Goodbrook-lymond)"
"Theomore Lannister",""
"Falia Flowers","(Falia Flowers-falia)(Falia Flowers-will)"
"Wat","(Wat-big)(Wat-will)(Wat-wat)"
"Sybell Spicer","(Sybell Spicer-sybell)"
"Olenna Redwyne","(Olenna Redwyne-olenna)(Olenna Redwyne-paxter)"
"Olyvar Frey","(Olyvar Frey-ryman)(Olyvar Frey-olyvar)"
"Harwood Fell",""
"Red Rolfe","(Red Rolfe-marq)(Red Rolfe-will)(Red Rolfe-red)(Red Rolfe-robin)(Red Rolfe-mors)(Red Rolfe-mirri)(Red Rolfe-wyman)(Red Rolfe-drogo)"
"Flement Brax","(Flement Brax-flement)"
"Endrew Tarth","(Endrew Tarth-endrew)"
"Lark","(Lark-lark)"
"Tallad",""
"Rakharo","(Rakharo-rakharo)(Rakharo-jhogo)(Rakharo-drogo)"
"Meha",""
"Luton","(Luton-luton)"
"Joffrey Baratheon","(Joffrey Baratheon-eddard)(Joffrey Baratheon-joffrey)(Joffrey Baratheon-tyrion)(Joffrey Baratheon-sansa)(Joffrey Baratheon-alla)(Joffrey Baratheon-garlan)(Joffrey Baratheon-robert)(Joffrey Baratheon-cersei)(Joffrey Baratheon-arya)(Joffrey Baratheon-janos)"
"Todder","(Todder-todder)"
"Jothos Slynt",""
"Chataya",""
"Quaro","(Quaro-quaro)(Quaro-mirri)(Quaro-drogo)"
"Ben Bones","(Ben Bones-will)(Ben Bones-ben)"
"Wyl","(Wyl-wyl)"
"Masha Heddle","(Masha Heddle-masha)"
"Selyse Florent","(Selyse Florent-black)(Selyse Florent-selyse)(Selyse Florent-shireen)"
"Jack-Be-Lucky",""
"Symond Templeton","(Symond Templeton-benedar)(Symond Templeton-symond)"
"Erreck",""
"Gilly","(Gilly-gilly)"
"Ulf son of Umar","(Ulf son of Umar-tyrion)(Ulf son of Umar-ulf)"
"Wendel Manderly","(Wendel Manderly-wendel)(Wendel Manderly-wyman)"
"Robin Flint","(Robin Flint-yohn)(Robin Flint-will)(Robin Flint-black)(Robin Flint-jon)(Robin Flint-sansa)(Robin Flint-robin)(Robin Flint-red)(Robin Flint-desmond)"
"Maric Seaworth","(Maric Seaworth-black)(Maric Seaworth-maric)"
"Notch",""
"Larraq",""
"Watty",""
"Zei",""
"Big Walder Frey","(Big Walder Frey-big)(Big Walder Frey-will)(Big Walder Frey-tyrion)(Big Walder Frey-wat)(Big Walder Frey-robert)"
"Colemon","(Colemon-will)(Colemon-sansa)(Colemon-robert)(Colemon-colemon)"
"Meryn Trant","(Meryn Trant-meryn)(Meryn Trant-arya)"
"Maerie ",""
"Gueren","(Gueren-gueren)"
"Tymor",""
"Jon Snow","(Jon Snow-tormund)(Jon Snow-yohn)(Jon Snow-eon)(Jon Snow-will)(Jon Snow-ryk)(Jon Snow-jon)(Jon Snow-black)(Jon Snow-sansa)(Jon Snow-robin)(Jon Snow-denys)(Jon Snow-morna)(Jon Snow-patrek)(Jon Snow-grenn)(Jon Snow-ronnel)"
"Umar",""
"Tregar","(Tregar-tregar)(Tregar-jorah)"
"Cohollo","(Cohollo-cohollo)"
"Mirri Maz Duur","(Mirri Maz Duur-will)(Mirri Maz Duur-red)(Mirri Maz Duur-quaro)(Mirri Maz Duur-mirri)(Mirri Maz Duur-drogo)"
"Frenya",""
"Mudge ",""
"Daemon Sand","(Daemon Sand-daemon)(Daemon Sand-cersei)"
"Qezza",""
"Conn",""
"Blue Bard","(Blue Bard-blue)"
"Morra",""
"Dick Crabb","(Dick Crabb-dick)"
"Eddard Stark","(Eddard Stark-will)(Eddard Stark-eddard)(Eddard Stark-black)(Eddard Stark-joffrey)(Eddard Stark-sansa)(Eddard Stark-robert)(Eddard Stark-arya)"
"Vayon Poole","(Vayon Poole-vayon)(Vayon Poole-sansa)"
"Raymun Darry","(Raymun Darry-raymun)"
"Donnel Locke","(Donnel Locke-donnel)"
"Morros Slynt",""
"Greydon Goodbrother",""
"Three-Tooth",""
"Richard Horpe","(Richard Horpe-richard)(Richard Horpe-justin)"
"Barra",""
"Harrag Sharp","(Harrag Sharp-harrag)"
"Nage",""
"Tytos Blackwood","(Tytos Blackwood-tytos)"
"Tyrion Lannister","(Tyrion Lannister-big)(Tyrion Lannister-will)(Tyrion Lannister-anvil)(Tyrion Lannister-black)(Tyrion Lannister-joffrey)(Tyrion Lannister-tyrion)(Tyrion Lannister-ulf)(Tyrion Lannister-garlan)(Tyrion Lannister-robert)(Tyrion Lannister-cersei)(Tyrion Lannister-janos)"
"Shae","(Shae-sansa)(Shae-shae)(Shae-cersei)"
"Rhogoro",""
"Adrack Humble","(Adrack Humble-adrack)"
"Bennet","(Bennet-bennet)"
"Donyse",""
"Shagwell","(Shagwell-shagwell)(Shagwell-brienne)"
"Gorold Goodbrother","(Gorold Goodbrother-black)(Gorold Goodbrother-gorold)"
"Arya Stark","(Arya Stark-meryn)(Arya Stark-eddard)(Arya Stark-rorge)(Arya Stark-joffrey)(Arya Stark-sansa)(Arya Stark-kindly)(Arya Stark-cersei)(Arya Stark-arya)(Arya Stark-dunsen)(Arya Stark-brienne)"
"Cleos Frey","(Cleos Frey-cleos)(Cleos Frey-brienne)"
"Jynessa Blackmont",""
"Desmond Grell","(Desmond Grell-will)(Desmond Grell-robin)(Desmond Grell-desmond)"
"Bryan Fossoway","(Bryan Fossoway-bryan)"
"Lommy",""
"Edmure Tully","(Edmure Tully-edmure)"
"Petyr Frey","(Petyr Frey-petyr)(Petyr Frey-sansa)(Petyr Frey-brienne)"
"Morna White Mask","(Morna White Mask-tormund)(Morna White Mask-jon)(Morna White Mask-morna)"
