"Name","Edge List"
"Marlon Manderly","(Marlon Manderly-red)(Marlon Manderly-small)(Marlon Manderly-marlon)(Marlon Manderly-petyr)(Marlon Manderly-will)(Marlon Manderly-black)(Marlon Manderly-wyman)"
"Marq Piper","(Marq Piper-marq)(Marq Piper-raymun)(Marq Piper-will)(Marq Piper-cleos)(Marq Piper-black)(Marq Piper-red)(Marq Piper-robert)(Marq Piper-mors)(Marq Piper-robin)(Marq Piper-arya)(Marq Piper-edmure)(Marq Piper-patrek)(Marq Piper-roose)"
"Robert Arryn","(Robert Arryn-small)(Robert Arryn-meryn)(Robert Arryn-big)(Robert Arryn-andar)(Robert Arryn-maege)(Robert Arryn-raymun)(Robert Arryn-eddard)(Robert Arryn-jon)(Robert Arryn-joffrey)(Robert Arryn-tyrion)(Robert Arryn-robert)(Robert Arryn-barra)(Robert Arryn-red)(Robert Arryn-mors)(Robert Arryn-robin)(Robert Arryn-colemon)(Robert Arryn-arya)(Robert Arryn-osfryd)(Robert Arryn-denys)(Robert Arryn-roose)(Robert Arryn-mikken)(Robert Arryn-richard)(Robert Arryn-marq)(Robert Arryn-petyr)(Robert Arryn-yohn)(Robert Arryn-thoros)(Robert Arryn-will)(Robert Arryn-symond)(Robert Arryn-sansa)(Robert Arryn-cersei)(Robert Arryn-janos)(Robert Arryn-tregar)(Robert Arryn-jorah)(Robert Arryn-endrew)"
"Gevin Harlaw",""
"Mors Umber","(Mors Umber-small)(Mors Umber-asha)(Mors Umber-eddard)(Mors Umber-jon)(Mors Umber-gorold)(Mors Umber-mors)(Mors Umber-robert)(Mors Umber-red)(Mors Umber-arya)(Mors Umber-justin)(Mors Umber-roose)(Mors Umber-mikken)(Mors Umber-marq)(Mors Umber-yohn)(Mors Umber-will)(Mors Umber-alester)(Mors Umber-black)(Mors Umber-wyman)(Mors Umber-endrew)"
"Thoros","(Thoros-small)(Thoros-raymun)(Thoros-ryman)(Thoros-red)(Thoros-robert)(Thoros-vayon)(Thoros-thoros)(Thoros-alester)(Thoros-tytos)(Thoros-anguy)(Thoros-jorah)"
"Patrek of King's Mountain","(Patrek of King's Mountain-maege)(Patrek of King's Mountain-eddard)(Patrek of King's Mountain-jon)(Patrek of King's Mountain-ryman)(Patrek of King's Mountain-red)(Patrek of King's Mountain-marq)(Patrek of King's Mountain-black)(Patrek of King's Mountain-edmure)(Patrek of King's Mountain-patrek)"
"Roose Bolton","(Roose Bolton-lymond)(Roose Bolton-maege)(Roose Bolton-asha)(Roose Bolton-eddard)(Roose Bolton-jon)(Roose Bolton-ben)(Roose Bolton-robert)(Roose Bolton-mors)(Roose Bolton-red)(Roose Bolton-pate)(Roose Bolton-justin)(Roose Bolton-brienne)(Roose Bolton-roose)(Roose Bolton-marq)(Roose Bolton-petyr)(Roose Bolton-cleos)(Roose Bolton-will)(Roose Bolton-symond)(Roose Bolton-walton)(Roose Bolton-blue)(Roose Bolton-edmure)(Roose Bolton-wyman)"
"Norjen",""
"Benedar Belmore","(Benedar Belmore-benedar)(Benedar Belmore-symond)"
"Denys Drumm","(Denys Drumm-small)(Denys Drumm-eddard)(Denys Drumm-jon)(Denys Drumm-gilly)(Denys Drumm-robert)(Denys Drumm-denys)(Denys Drumm-will)(Denys Drumm-black)(Denys Drumm-alyn)(Denys Drumm-ulf)(Denys Drumm-endrew)"
"Arneld",""
"Chiggen",""
"Grenn","(Grenn-small)(Grenn-jon)(Grenn-gilly)(Grenn-will)(Grenn-black)(Grenn-janos)(Grenn-grenn)"
"Meldred Merlyn","(Meldred Merlyn-meldred)"
"Alyn Stackspear","(Alyn Stackspear-raymun)(Alyn Stackspear-red)(Alyn Stackspear-denys)(Alyn Stackspear-tion)(Alyn Stackspear-will)(Alyn Stackspear-tytos)(Alyn Stackspear-alyn)(Alyn Stackspear-ulf)"
"Hod",""
"Jorah Mormont","(Jorah Mormont-small)(Jorah Mormont-maege)(Jorah Mormont-eddard)(Jorah Mormont-jon)(Jorah Mormont-tyrion)(Jorah Mormont-illyrio)(Jorah Mormont-robert)(Jorah Mormont-thoros)(Jorah Mormont-will)(Jorah Mormont-qotho)(Jorah Mormont-rakharo)(Jorah Mormont-sallor)(Jorah Mormont-tregar)(Jorah Mormont-mirri)(Jorah Mormont-cohollo)(Jorah Mormont-jorah)(Jorah Mormont-penny)(Jorah Mormont-daario)(Jorah Mormont-drogo)"
"Penny","(Penny-tyrion)(Penny-will)(Penny-penny)(Penny-jorah)"
"Hallis Mollen","(Hallis Mollen-eddard)(Hallis Mollen-tyrion)(Hallis Mollen-brienne)(Hallis Mollen-hallis)(Hallis Mollen-brown)"
"Black Bernarr","(Black Bernarr-small)(Black Bernarr-big)(Black Bernarr-tormund)(Black Bernarr-asha)(Black Bernarr-eddard)(Black Bernarr-tyrion)(Black Bernarr-gilly)(Black Bernarr-selyse)(Black Bernarr-red)(Black Bernarr-todder)(Black Bernarr-justin)(Black Bernarr-zei)(Black Bernarr-richard)(Black Bernarr-marlon)(Black Bernarr-petyr)(Black Bernarr-marwyn)(Black Bernarr-yohn)(Black Bernarr-brown)(Black Bernarr-sansa)(Black Bernarr-ulf)(Black Bernarr-kindly)(Black Bernarr-shireen)(Black Bernarr-areo)(Black Bernarr-janos)(Black Bernarr-patrek)(Black Bernarr-desmond)(Black Bernarr-belwas)(Black Bernarr-ulmer)(Black Bernarr-anvil)(Black Bernarr-jon)(Black Bernarr-gorold)(Black Bernarr-joffrey)(Black Bernarr-ryman)(Black Bernarr-mors)(Black Bernarr-robin)(Black Bernarr-arya)(Black Bernarr-maric)(Black Bernarr-denys)(Black Bernarr-mikken)(Black Bernarr-marq)(Black Bernarr-timett)(Black Bernarr-will)(Black Bernarr-black)(Black Bernarr-morna)(Black Bernarr-edmure)(Black Bernarr-wendel)(Black Bernarr-grenn)(Black Bernarr-wyman)(Black Bernarr-endrew)"
"Walton","(Walton-brienne)(Walton-walton)(Walton-roose)"
"Thistle",""
"Maege Mormont","(Maege Mormont-eddard)(Maege Mormont-red)(Maege Mormont-tregar)(Maege Mormont-patrek)(Maege Mormont-jorah)(Maege Mormont-lymond)(Maege Mormont-maege)(Maege Mormont-joffrey)(Maege Mormont-robert)(Maege Mormont-roose)(Maege Mormont-will)"
"Brienne of Tarth","(Brienne of Tarth-tormund)(Brienne of Tarth-eddard)(Brienne of Tarth-rorge)(Brienne of Tarth-shagwell)(Brienne of Tarth-brienne)(Brienne of Tarth-petyr)(Brienne of Tarth-hallis)(Brienne of Tarth-cleos)(Brienne of Tarth-walton)(Brienne of Tarth-sansa)(Brienne of Tarth-kindly)(Brienne of Tarth-masha)(Brienne of Tarth-joffrey)(Brienne of Tarth-arya)(Brienne of Tarth-roose)(Brienne of Tarth-will)(Brienne of Tarth-olenna)(Brienne of Tarth-edmure)(Brienne of Tarth-hyle)"
"Ryman Frey","(Ryman Frey-red)(Ryman Frey-petyr)(Ryman Frey-thoros)(Ryman Frey-alester)(Ryman Frey-patrek)(Ryman Frey-ryman)(Ryman Frey-will)(Ryman Frey-black)(Ryman Frey-edmure)(Ryman Frey-olyvar)"
"Goghor",""
"Dobber",""
"Yohn Royce","(Yohn Royce-small)(Yohn Royce-petyr)(Yohn Royce-marwyn)(Yohn Royce-yohn)(Yohn Royce-sansa)(Yohn Royce-cersei)(Yohn Royce-andar)(Yohn Royce-jon)(Yohn Royce-robert)(Yohn Royce-robin)(Yohn Royce-mors)(Yohn Royce-will)(Yohn Royce-black)"
"Nan","(Nan-red)(Nan-nan)(Nan-brown)(Nan-sansa)(Nan-jon)"
"Eggon",""
"Sallor","(Sallor-ben)(Sallor-brown)(Sallor-daario)(Sallor-jorah)(Sallor-will)(Sallor-sallor)"
"Humfrey Swyft","(Humfrey Swyft-donnel)(Humfrey Swyft-humfrey)"
"Munciter",""
"Ryk","(Ryk-tormund)(Ryk-ryk)(Ryk-jon)"
"Hop-Robin",""
"Squint","(Squint-squint)(Squint-will)"
"Malliard",""
"Sarra Frey","(Sarra Frey-sarra)(Sarra Frey-will)(Sarra Frey-edmure)"
"Osfryd Kettleblack","(Osfryd Kettleblack-tyrion)(Osfryd Kettleblack-sansa)(Osfryd Kettleblack-cersei)(Osfryd Kettleblack-joffrey)(Osfryd Kettleblack-robert)(Osfryd Kettleblack-osfryd)(Osfryd Kettleblack-will)"
"Rowan","(Rowan-paxter)(Rowan-rowan)"
"Alyn Ambrose","(Alyn Ambrose-red)(Alyn Ambrose-tion)(Alyn Ambrose-tytos)(Alyn Ambrose-alyn)(Alyn Ambrose-ulf)(Alyn Ambrose-raymun)(Alyn Ambrose-denys)(Alyn Ambrose-will)"
"Donnel Haigh","(Donnel Haigh-small)(Donnel Haigh-donnel)(Donnel Haigh-petyr)(Donnel Haigh-brown)(Donnel Haigh-sansa)(Donnel Haigh-ulmer)(Donnel Haigh-lark)(Donnel Haigh-humfrey)(Donnel Haigh-will)"
"Kenned",""
"Jon Connington","(Jon Connington-small)(Jon Connington-dick)(Jon Connington-tormund)(Jon Connington-eon)(Jon Connington-ryk)(Jon Connington-eddard)(Jon Connington-tyrion)(Jon Connington-gilly)(Jon Connington-selyse)(Jon Connington-barra)(Jon Connington-red)(Jon Connington-meera)(Jon Connington-todder)(Jon Connington-justin)(Jon Connington-nan)(Jon Connington-zei)(Jon Connington-richard)(Jon Connington-petyr)(Jon Connington-yohn)(Jon Connington-symond)(Jon Connington-sansa)(Jon Connington-shireen)(Jon Connington-cersei)(Jon Connington-janos)(Jon Connington-patrek)(Jon Connington-jorah)(Jon Connington-ulmer)(Jon Connington-anvil)(Jon Connington-jon)(Jon Connington-joffrey)(Jon Connington-robert)(Jon Connington-robin)(Jon Connington-mors)(Jon Connington-arya)(Jon Connington-denys)(Jon Connington-harrag)(Jon Connington-roose)(Jon Connington-mikken)(Jon Connington-will)(Jon Connington-black)(Jon Connington-blue)(Jon Connington-morna)(Jon Connington-wendel)(Jon Connington-grenn)(Jon Connington-ronnel)(Jon Connington-wyman)(Jon Connington-endrew)"
"Alla Tyrell","(Alla Tyrell-paxter)(Alla Tyrell-joffrey)(Alla Tyrell-alla)(Alla Tyrell-olenna)"
"Meera Reed","(Meera Reed-meera)(Meera Reed-jon)(Meera Reed-will)"
"Goady",""
"Kedge Whiteye","(Kedge Whiteye-kedge)"
"Belwas","(Belwas-ben)(Belwas-brown)(Belwas-rakharo)(Belwas-areo)(Belwas-belwas)(Belwas-daario)(Belwas-illyrio)(Belwas-will)(Belwas-black)"
"Wyman Manderly","(Wyman Manderly-red)(Wyman Manderly-marlon)(Wyman Manderly-symond)(Wyman Manderly-cersei)(Wyman Manderly-jon)(Wyman Manderly-mors)(Wyman Manderly-roose)(Wyman Manderly-will)(Wyman Manderly-black)(Wyman Manderly-wendel)(Wyman Manderly-wyman)"
"Garin ","(Garin -red)(Garin -garin)"
"Lorent Caswell","(Lorent Caswell-lorent)"
"Hyle Hunt","(Hyle Hunt-brienne)(Hyle Hunt-hyle)"
"Jacelyn Bywater","(Jacelyn Bywater-tyrion)(Jacelyn Bywater-shae)(Jacelyn Bywater-petyr)(Jacelyn Bywater-cleos)(Jacelyn Bywater-cersei)(Jacelyn Bywater-janos)(Jacelyn Bywater-joffrey)(Jacelyn Bywater-will)(Jacelyn Bywater-jacelyn)"
"Paxter Redwyne","(Paxter Redwyne-small)(Paxter Redwyne-paxter)(Paxter Redwyne-joffrey)(Paxter Redwyne-alla)(Paxter Redwyne-olenna)(Paxter Redwyne-rowan)"
"Anguy","(Anguy-eddard)(Anguy-red)(Anguy-thoros)(Anguy-arya)(Anguy-anguy)"
"Jaggot",""
"Eon Hunter","(Eon Hunter-eon)(Eon Hunter-tyrion)(Eon Hunter-jon)"
"Creighton Longbough",""
"Rorge","(Rorge-rorge)(Rorge-shagwell)(Rorge-brienne)(Rorge-arya)"
"Justin Massey","(Justin Massey-asha)(Justin Massey-red)(Justin Massey-justin)(Justin Massey-richard)(Justin Massey-shireen)(Justin Massey-jon)(Justin Massey-robin)(Justin Massey-mors)(Justin Massey-roose)(Justin Massey-mikken)(Justin Massey-will)(Justin Massey-black)"
"Pate","(Pate-red)(Pate-pate)(Pate-cersei)(Pate-roose)(Pate-will)(Pate-blue)"
"Murenmure","(Murenmure-murenmure)"
"Shireen Baratheon","(Shireen Baratheon-gilly)(Shireen Baratheon-bryan)(Shireen Baratheon-selyse)(Shireen Baratheon-red)(Shireen Baratheon-justin)(Shireen Baratheon-petyr)(Shireen Baratheon-alester)(Shireen Baratheon-shireen)(Shireen Baratheon-cersei)(Shireen Baratheon-jon)(Shireen Baratheon-will)(Shireen Baratheon-black)"
"Becca the Baker",""
"Lambert Turnberry","(Lambert Turnberry-lambert)"
"Areo Hotah","(Areo Hotah-small)(Areo Hotah-daemon)(Areo Hotah-areo)(Areo Hotah-belwas)(Areo Hotah-will)(Areo Hotah-black)"
"Cersei Frey","(Cersei Frey-small)(Cersei Frey-big)(Cersei Frey-eddard)(Cersei Frey-tyrion)(Cersei Frey-shae)(Cersei Frey-bryan)(Cersei Frey-lucan)(Cersei Frey-red)(Cersei Frey-barra)(Cersei Frey-pate)(Cersei Frey-petyr)(Cersei Frey-yohn)(Cersei Frey-tytos)(Cersei Frey-sansa)(Cersei Frey-daemon)(Cersei Frey-shireen)(Cersei Frey-cersei)(Cersei Frey-janos)(Cersei Frey-andar)(Cersei Frey-jon)(Cersei Frey-joffrey)(Cersei Frey-robert)(Cersei Frey-arya)(Cersei Frey-osfryd)(Cersei Frey-chataya)(Cersei Frey-will)(Cersei Frey-olenna)(Cersei Frey-blue)(Cersei Frey-jacelyn)(Cersei Frey-wyman)(Cersei Frey-olyvar)"
"Praed",""
"Rigney",""
"Tuffleberry",""
"Mariya Darry","(Mariya Darry-mariya)"
"Anvil Ryn","(Anvil Ryn-tyrion)(Anvil Ryn-red)(Anvil Ryn-daemon)(Anvil Ryn-anvil)(Anvil Ryn-jon)(Anvil Ryn-black)"
"Illyrio Mopatis","(Illyrio Mopatis-eddard)(Illyrio Mopatis-red)(Illyrio Mopatis-belwas)(Illyrio Mopatis-jorah)(Illyrio Mopatis-illyrio)(Illyrio Mopatis-will)(Illyrio Mopatis-drogo)"
"Tytos Frey","(Tytos Frey-eddard)(Tytos Frey-roger)(Tytos Frey-red)(Tytos Frey-tion)(Tytos Frey-thoros)(Tytos Frey-cleos)(Tytos Frey-tytos)(Tytos Frey-alyn)(Tytos Frey-cersei)(Tytos Frey-will)(Tytos Frey-edmure)"
"Will","(Will-small)(Will-big)(Will-dick)(Will-tormund)(Will-asha)(Will-donnel)(Will-eddard)(Will-ben)(Will-tyrion)(Will-gilly)(Will-shae)(Will-bryan)(Will-selyse)(Will-garlan)(Will-lucan)(Will-red)(Will-barra)(Will-sarra)(Will-meera)(Will-colemon)(Will-squint)(Will-pate)(Will-justin)(Will-brienne)(Will-marlon)(Will-petyr)(Will-falia)(Will-yohn)(Will-alester)(Will-tytos)(Will-sansa)(Will-brown)(Will-alyn)(Will-kindly)(Will-shireen)(Will-cersei)(Will-rakharo)(Will-areo)(Will-janos)(Will-desmond)(Will-mirri)(Will-belwas)(Will-daario)(Will-jorah)(Will-maege)(Will-adrack)(Will-jon)(Will-joffrey)(Will-illyrio)(Will-ryman)(Will-robert)(Will-robin)(Will-lommy)(Will-mors)(Will-arya)(Will-osfryd)(Will-denys)(Will-harrag)(Will-roose)(Will-mikken)(Will-marq)(Will-will)(Will-black)(Will-wat)(Will-qotho)(Will-olenna)(Will-jacelyn)(Will-edmure)(Will-sallor)(Will-grenn)(Will-wyman)(Will-sybell)(Will-penny)(Will-olyvar)(Will-drogo)"
"Orphan Oss","(Orphan Oss-lommy)(Orphan Oss-arya)(Orphan Oss-orphan)"
"Lucan","(Lucan-tyrion)(Lucan-lucan)(Lucan-cersei)(Lucan-joffrey)(Lucan-will)"
"Josmyn Peckledon",""
"Wayn",""
"Drogo","(Drogo-small)(Drogo-eddard)(Drogo-red)(Drogo-jhogo)(Drogo-rakharo)(Drogo-mirri)(Drogo-jorah)(Drogo-illyrio)(Drogo-quaro)(Drogo-will)(Drogo-qotho)(Drogo-cohollo)(Drogo-drogo)"
"Luco Prestayn",""
"Daario Naharis","(Daario Naharis-ben)(Daario Naharis-tyrion)(Daario Naharis-brown)(Daario Naharis-belwas)(Daario Naharis-daario)(Daario Naharis-jorah)(Daario Naharis-will)(Daario Naharis-sallor)"
"Gynir","(Gynir-gynir)"
"Gage",""
"Dunsen","(Dunsen-arya)(Dunsen-dunsen)"
"Jate Blackberry",""
"Tormund","(Tormund-tormund)(Tormund-ryk)(Tormund-todder)(Tormund-brienne)(Tormund-richard)(Tormund-sansa)(Tormund-jon)(Tormund-will)(Tormund-black)(Tormund-morna)"
"Garlan Tyrell","(Garlan Tyrell-tyrion)(Garlan Tyrell-garlan)(Garlan Tyrell-sansa)(Garlan Tyrell-kindly)(Garlan Tyrell-joffrey)(Garlan Tyrell-will)(Garlan Tyrell-olenna)"
"Tion Frey","(Tion Frey-eddard)(Tion Frey-red)(Tion Frey-tion)(Tion Frey-cleos)(Tion Frey-tytos)(Tion Frey-alyn)"
"Qotho","(Qotho-small)(Qotho-tyrion)(Qotho-mirri)(Qotho-jorah)(Qotho-will)(Qotho-qotho)(Qotho-cohollo)(Qotho-drogo)"
"Sansa Stark","(Sansa Stark-small)(Sansa Stark-big)(Sansa Stark-dick)(Sansa Stark-tormund)(Sansa Stark-donnel)(Sansa Stark-eddard)(Sansa Stark-tyrion)(Sansa Stark-shae)(Sansa Stark-garlan)(Sansa Stark-red)(Sansa Stark-colemon)(Sansa Stark-nan)(Sansa Stark-brienne)(Sansa Stark-petyr)(Sansa Stark-vayon)(Sansa Stark-marwyn)(Sansa Stark-yohn)(Sansa Stark-sansa)(Sansa Stark-brown)(Sansa Stark-kindly)(Sansa Stark-cersei)(Sansa Stark-masha)(Sansa Stark-desmond)(Sansa Stark-meryn)(Sansa Stark-jon)(Sansa Stark-joffrey)(Sansa Stark-robin)(Sansa Stark-robert)(Sansa Stark-arya)(Sansa Stark-osfryd)(Sansa Stark-will)(Sansa Stark-black)(Sansa Stark-blue)(Sansa Stark-olyvar)"
"Willum",""
"Mikken","(Mikken-eddard)(Mikken-justin)(Mikken-jon)(Mikken-robert)(Mikken-mors)(Mikken-arya)(Mikken-mikken)(Mikken-will)(Mikken-black)"
"Shyra Errol",""
"Deziel Dalt","(Deziel Dalt-deziel)"
"Janos Slynt","(Janos Slynt-small)(Janos Slynt-eddard)(Janos Slynt-tyrion)(Janos Slynt-gilly)(Janos Slynt-shae)(Janos Slynt-barra)(Janos Slynt-petyr)(Janos Slynt-cleos)(Janos Slynt-cersei)(Janos Slynt-janos)(Janos Slynt-jon)(Janos Slynt-joffrey)(Janos Slynt-robert)(Janos Slynt-will)(Janos Slynt-black)(Janos Slynt-jacelyn)(Janos Slynt-grenn)(Janos Slynt-endrew)"
"Maris",""
"Ulmer","(Ulmer-donnel)(Ulmer-ulmer)(Ulmer-jon)(Ulmer-black)"
"Brown Bernarr","(Brown Bernarr-small)(Brown Bernarr-donnel)(Brown Bernarr-asha)(Brown Bernarr-ben)(Brown Bernarr-red)(Brown Bernarr-nan)(Brown Bernarr-vayon)(Brown Bernarr-hallis)(Brown Bernarr-brown)(Brown Bernarr-sansa)(Brown Bernarr-belwas)(Brown Bernarr-daario)(Brown Bernarr-will)(Brown Bernarr-black)(Brown Bernarr-sallor)(Brown Bernarr-sybell)"
"Andar Royce","(Andar Royce-yohn)(Andar Royce-cersei)(Andar Royce-andar)(Andar Royce-robert)"
"Alester Florent","(Alester Florent-eddard)(Alester Florent-selyse)(Alester Florent-red)(Alester Florent-thoros)(Alester Florent-alester)(Alester Florent-shireen)(Alester Florent-ryman)(Alester Florent-mors)(Alester Florent-will)"
"Asha Greyjoy","(Asha Greyjoy-small)(Asha Greyjoy-asha)(Asha Greyjoy-red)(Asha Greyjoy-justin)(Asha Greyjoy-brown)(Asha Greyjoy-mors)(Asha Greyjoy-roose)(Asha Greyjoy-will)(Asha Greyjoy-black)"
"Matrice",""
"Jhezane",""
"Marwyn","(Marwyn-marwyn)(Marwyn-yohn)(Marwyn-sansa)(Marwyn-robin)(Marwyn-black)"
"Small Paul","(Small Paul-small)(Small Paul-big)(Small Paul-asha)(Small Paul-donnel)(Small Paul-eddard)(Small Paul-ben)(Small Paul-tyrion)(Small Paul-gilly)(Small Paul-shae)(Small Paul-barra)(Small Paul-red)(Small Paul-shagwell)(Small Paul-colemon)(Small Paul-todder)(Small Paul-marlon)(Small Paul-vayon)(Small Paul-yohn)(Small Paul-thoros)(Small Paul-symond)(Small Paul-sansa)(Small Paul-brown)(Small Paul-cersei)(Small Paul-areo)(Small Paul-paxter)(Small Paul-janos)(Small Paul-mirri)(Small Paul-jorah)(Small Paul-jon)(Small Paul-joffrey)(Small Paul-robert)(Small Paul-mors)(Small Paul-denys)(Small Paul-will)(Small Paul-black)(Small Paul-qotho)(Small Paul-blue)(Small Paul-grenn)(Small Paul-ronnel)(Small Paul-olyvar)(Small Paul-drogo)"
"Parmen Crane",""
"Moreo Tumitis",""
"Timett","(Timett-tyrion)(Timett-timett)(Timett-black)"
"Jhogo","(Jhogo-red)(Jhogo-jhogo)(Jhogo-rakharo)(Jhogo-drogo)"
"Kindly man","(Kindly man-garlan)(Kindly man-brienne)(Kindly man-sansa)(Kindly man-kindly)(Kindly man-arya)(Kindly man-will)(Kindly man-black)"
"Ronnel Harclay","(Ronnel Harclay-small)(Ronnel Harclay-jon)(Ronnel Harclay-ronnel)"
"Lymond Goodbrook","(Lymond Goodbrook-lymond)(Lymond Goodbrook-maege)(Lymond Goodbrook-roose)"
"Theomore Lannister","(Theomore Lannister-theomore)"
"Falia Flowers","(Falia Flowers-red)(Falia Flowers-falia)(Falia Flowers-will)"
"Wat","(Wat-big)(Wat-will)(Wat-wat)"
"Sybell Spicer","(Sybell Spicer-red)(Sybell Spicer-brown)(Sybell Spicer-will)(Sybell Spicer-sybell)"
"Olenna Redwyne","(Olenna Redwyne-garlan)(Olenna Redwyne-red)(Olenna Redwyne-brienne)(Olenna Redwyne-petyr)(Olenna Redwyne-cersei)(Olenna Redwyne-paxter)(Olenna Redwyne-joffrey)(Olenna Redwyne-alla)(Olenna Redwyne-will)(Olenna Redwyne-olenna)"
"Olyvar Frey","(Olyvar Frey-small)(Olyvar Frey-tyrion)(Olyvar Frey-sansa)(Olyvar Frey-cersei)(Olyvar Frey-ryman)(Olyvar Frey-arya)(Olyvar Frey-will)(Olyvar Frey-blue)(Olyvar Frey-edmure)(Olyvar Frey-olyvar)"
"Harwood Fell",""
"Red Rolfe","(Red Rolfe-small)(Red Rolfe-asha)(Red Rolfe-eddard)(Red Rolfe-tyrion)(Red Rolfe-shae)(Red Rolfe-selyse)(Red Rolfe-red)(Red Rolfe-barra)(Red Rolfe-pate)(Red Rolfe-justin)(Red Rolfe-nan)(Red Rolfe-jhogo)(Red Rolfe-marlon)(Red Rolfe-vayon)(Red Rolfe-tion)(Red Rolfe-falia)(Red Rolfe-garin)(Red Rolfe-thoros)(Red Rolfe-cleos)(Red Rolfe-alester)(Red Rolfe-symond)(Red Rolfe-tytos)(Red Rolfe-sansa)(Red Rolfe-brown)(Red Rolfe-alyn)(Red Rolfe-daemon)(Red Rolfe-shireen)(Red Rolfe-cersei)(Red Rolfe-rakharo)(Red Rolfe-masha)(Red Rolfe-patrek)(Red Rolfe-desmond)(Red Rolfe-mirri)(Red Rolfe-maege)(Red Rolfe-raymun)(Red Rolfe-anvil)(Red Rolfe-jon)(Red Rolfe-wyl)(Red Rolfe-ryman)(Red Rolfe-illyrio)(Red Rolfe-robert)(Red Rolfe-mors)(Red Rolfe-robin)(Red Rolfe-arya)(Red Rolfe-roose)(Red Rolfe-marq)(Red Rolfe-will)(Red Rolfe-black)(Red Rolfe-olenna)(Red Rolfe-blue)(Red Rolfe-anguy)(Red Rolfe-edmure)(Red Rolfe-wendel)(Red Rolfe-wyman)(Red Rolfe-sybell)(Red Rolfe-drogo)"
"Flement Brax","(Flement Brax-tyrion)(Flement Brax-flement)"
"Endrew Tarth","(Endrew Tarth-janos)(Endrew Tarth-jon)(Endrew Tarth-robert)(Endrew Tarth-mors)(Endrew Tarth-denys)(Endrew Tarth-black)(Endrew Tarth-endrew)"
"Lark","(Lark-donnel)(Lark-tyrion)(Lark-joffrey)(Lark-lark)"
"Tallad",""
"Rakharo","(Rakharo-red)(Rakharo-jhogo)(Rakharo-rakharo)(Rakharo-belwas)(Rakharo-jorah)(Rakharo-will)(Rakharo-drogo)"
"Meha",""
"Luton","(Luton-luton)"
"Joffrey Baratheon","(Joffrey Baratheon-small)(Joffrey Baratheon-big)(Joffrey Baratheon-eddard)(Joffrey Baratheon-tyrion)(Joffrey Baratheon-shae)(Joffrey Baratheon-garlan)(Joffrey Baratheon-lucan)(Joffrey Baratheon-brienne)(Joffrey Baratheon-petyr)(Joffrey Baratheon-cleos)(Joffrey Baratheon-sansa)(Joffrey Baratheon-daemon)(Joffrey Baratheon-cersei)(Joffrey Baratheon-paxter)(Joffrey Baratheon-janos)(Joffrey Baratheon-meryn)(Joffrey Baratheon-maege)(Joffrey Baratheon-raymun)(Joffrey Baratheon-jon)(Joffrey Baratheon-joffrey)(Joffrey Baratheon-alla)(Joffrey Baratheon-robert)(Joffrey Baratheon-arya)(Joffrey Baratheon-osfryd)(Joffrey Baratheon-lark)(Joffrey Baratheon-will)(Joffrey Baratheon-black)(Joffrey Baratheon-olenna)(Joffrey Baratheon-jacelyn)"
"Todder","(Todder-small)(Todder-tormund)(Todder-todder)(Todder-jon)(Todder-black)"
"Jothos Slynt",""
"Chataya","(Chataya-bryan)(Chataya-cersei)(Chataya-chataya)"
"Quaro","(Quaro-mirri)(Quaro-quaro)(Quaro-drogo)"
"Ben Bones","(Ben Bones-small)(Ben Bones-ben)(Ben Bones-brown)(Ben Bones-belwas)(Ben Bones-daario)(Ben Bones-roose)(Ben Bones-will)(Ben Bones-sallor)"
"Wyl","(Wyl-red)(Wyl-wyl)"
"Masha Heddle","(Masha Heddle-tyrion)(Masha Heddle-red)(Masha Heddle-brienne)(Masha Heddle-sansa)(Masha Heddle-masha)"
"Selyse Florent","(Selyse Florent-gilly)(Selyse Florent-bryan)(Selyse Florent-selyse)(Selyse Florent-red)(Selyse Florent-petyr)(Selyse Florent-alester)(Selyse Florent-shireen)(Selyse Florent-jon)(Selyse Florent-will)(Selyse Florent-black)"
"Jack-Be-Lucky",""
"Symond Templeton","(Symond Templeton-small)(Symond Templeton-red)(Symond Templeton-benedar)(Symond Templeton-symond)(Symond Templeton-jon)(Symond Templeton-robert)(Symond Templeton-roose)(Symond Templeton-wyman)"
"Erreck",""
"Gilly","(Gilly-small)(Gilly-gilly)(Gilly-selyse)(Gilly-shireen)(Gilly-janos)(Gilly-jon)(Gilly-denys)(Gilly-will)(Gilly-black)(Gilly-grenn)"
"Ulf son of Umar","(Ulf son of Umar-tyrion)(Ulf son of Umar-alyn)(Ulf son of Umar-ulf)(Ulf son of Umar-denys)(Ulf son of Umar-black)"
"Wendel Manderly","(Wendel Manderly-red)(Wendel Manderly-jon)(Wendel Manderly-black)(Wendel Manderly-edmure)(Wendel Manderly-wendel)(Wendel Manderly-wyman)"
"Robin Flint","(Robin Flint-tyrion)(Robin Flint-red)(Robin Flint-justin)(Robin Flint-petyr)(Robin Flint-marwyn)(Robin Flint-yohn)(Robin Flint-sansa)(Robin Flint-desmond)(Robin Flint-jon)(Robin Flint-robin)(Robin Flint-robert)(Robin Flint-marq)(Robin Flint-will)(Robin Flint-black)"
"Maric Seaworth","(Maric Seaworth-maric)(Maric Seaworth-black)"
"Notch",""
"Larraq",""
"Watty",""
"Zei","(Zei-zei)(Zei-jon)(Zei-black)"
"Big Walder Frey","(Big Walder Frey-small)(Big Walder Frey-big)(Big Walder Frey-tyrion)(Big Walder Frey-sansa)(Big Walder Frey-cersei)(Big Walder Frey-meryn)(Big Walder Frey-joffrey)(Big Walder Frey-robert)(Big Walder Frey-will)(Big Walder Frey-black)(Big Walder Frey-wat)"
"Colemon","(Colemon-small)(Colemon-colemon)(Colemon-sansa)(Colemon-robert)(Colemon-will)"
"Meryn Trant","(Meryn Trant-big)(Meryn Trant-tyrion)(Meryn Trant-sansa)(Meryn Trant-meryn)(Meryn Trant-joffrey)(Meryn Trant-robert)(Meryn Trant-arya)"
"Maerie ",""
"Gueren","(Gueren-gueren)"
"Tymor",""
"Jon Snow","(Jon Snow-small)(Jon Snow-dick)(Jon Snow-tormund)(Jon Snow-eon)(Jon Snow-ryk)(Jon Snow-eddard)(Jon Snow-tyrion)(Jon Snow-gilly)(Jon Snow-selyse)(Jon Snow-barra)(Jon Snow-red)(Jon Snow-meera)(Jon Snow-todder)(Jon Snow-justin)(Jon Snow-nan)(Jon Snow-zei)(Jon Snow-richard)(Jon Snow-petyr)(Jon Snow-yohn)(Jon Snow-symond)(Jon Snow-sansa)(Jon Snow-shireen)(Jon Snow-cersei)(Jon Snow-janos)(Jon Snow-patrek)(Jon Snow-jorah)(Jon Snow-ulmer)(Jon Snow-anvil)(Jon Snow-jon)(Jon Snow-joffrey)(Jon Snow-robert)(Jon Snow-robin)(Jon Snow-mors)(Jon Snow-arya)(Jon Snow-denys)(Jon Snow-harrag)(Jon Snow-roose)(Jon Snow-mikken)(Jon Snow-will)(Jon Snow-black)(Jon Snow-blue)(Jon Snow-morna)(Jon Snow-wendel)(Jon Snow-grenn)(Jon Snow-ronnel)(Jon Snow-wyman)(Jon Snow-endrew)"
"Umar",""
"Tregar","(Tregar-eddard)(Tregar-tregar)(Tregar-jorah)(Tregar-maege)(Tregar-robert)"
"Cohollo","(Cohollo-mirri)(Cohollo-jorah)(Cohollo-qotho)(Cohollo-cohollo)(Cohollo-drogo)"
"Mirri Maz Duur","(Mirri Maz Duur-small)(Mirri Maz Duur-red)(Mirri Maz Duur-mirri)(Mirri Maz Duur-jorah)(Mirri Maz Duur-quaro)(Mirri Maz Duur-will)(Mirri Maz Duur-qotho)(Mirri Maz Duur-cohollo)(Mirri Maz Duur-drogo)"
"Frenya",""
"Mudge ",""
"Daemon Sand","(Daemon Sand-tyrion)(Daemon Sand-red)(Daemon Sand-daemon)(Daemon Sand-cersei)(Daemon Sand-areo)(Daemon Sand-anvil)(Daemon Sand-joffrey)"
"Qezza",""
"Conn",""
"Blue Bard","(Blue Bard-small)(Blue Bard-red)(Blue Bard-pate)(Blue Bard-sansa)(Blue Bard-cersei)(Blue Bard-jon)(Blue Bard-roose)(Blue Bard-blue)(Blue Bard-olyvar)"
"Morra",""
"Dick Crabb","(Dick Crabb-dick)(Dick Crabb-sansa)(Dick Crabb-jon)(Dick Crabb-will)"
"Eddard Stark","(Eddard Stark-small)(Eddard Stark-eddard)(Eddard Stark-tyrion)(Eddard Stark-barra)(Eddard Stark-red)(Eddard Stark-brienne)(Eddard Stark-richard)(Eddard Stark-petyr)(Eddard Stark-vayon)(Eddard Stark-tion)(Eddard Stark-hallis)(Eddard Stark-cleos)(Eddard Stark-alester)(Eddard Stark-tytos)(Eddard Stark-sansa)(Eddard Stark-cersei)(Eddard Stark-janos)(Eddard Stark-tregar)(Eddard Stark-patrek)(Eddard Stark-jorah)(Eddard Stark-maege)(Eddard Stark-raymun)(Eddard Stark-jon)(Eddard Stark-joffrey)(Eddard Stark-illyrio)(Eddard Stark-robert)(Eddard Stark-mors)(Eddard Stark-arya)(Eddard Stark-denys)(Eddard Stark-roose)(Eddard Stark-mikken)(Eddard Stark-will)(Eddard Stark-black)(Eddard Stark-anguy)(Eddard Stark-drogo)"
"Vayon Poole","(Vayon Poole-small)(Vayon Poole-eddard)(Vayon Poole-red)(Vayon Poole-vayon)(Vayon Poole-thoros)(Vayon Poole-sansa)(Vayon Poole-brown)"
"Raymun Darry","(Raymun Darry-eddard)(Raymun Darry-red)(Raymun Darry-thoros)(Raymun Darry-alyn)(Raymun Darry-raymun)(Raymun Darry-joffrey)(Raymun Darry-robert)(Raymun Darry-arya)(Raymun Darry-marq)"
"Donnel Locke","(Donnel Locke-small)(Donnel Locke-donnel)(Donnel Locke-petyr)(Donnel Locke-brown)(Donnel Locke-sansa)(Donnel Locke-ulmer)(Donnel Locke-lark)(Donnel Locke-humfrey)(Donnel Locke-will)"
"Morros Slynt",""
"Greydon Goodbrother",""
"Three-Tooth",""
"Roger Hogg","(Roger Hogg-roger)(Roger Hogg-tytos)"
"Richard Horpe","(Richard Horpe-tormund)(Richard Horpe-eddard)(Richard Horpe-justin)(Richard Horpe-richard)(Richard Horpe-jon)(Richard Horpe-robert)(Richard Horpe-black)"
"Barra","(Barra-small)(Barra-eddard)(Barra-tyrion)(Barra-barra)(Barra-red)(Barra-petyr)(Barra-cersei)(Barra-janos)(Barra-jon)(Barra-robert)(Barra-will)"
"Harrag Sharp","(Harrag Sharp-jon)(Harrag Sharp-harrag)(Harrag Sharp-will)"
"Nage",""
"Tytos Blackwood","(Tytos Blackwood-eddard)(Tytos Blackwood-roger)(Tytos Blackwood-red)(Tytos Blackwood-tion)(Tytos Blackwood-thoros)(Tytos Blackwood-cleos)(Tytos Blackwood-tytos)(Tytos Blackwood-alyn)(Tytos Blackwood-cersei)(Tytos Blackwood-will)(Tytos Blackwood-edmure)"
"Tyrion Lannister","(Tyrion Lannister-small)(Tyrion Lannister-big)(Tyrion Lannister-eon)(Tyrion Lannister-eddard)(Tyrion Lannister-tyrion)(Tyrion Lannister-shae)(Tyrion Lannister-garlan)(Tyrion Lannister-lucan)(Tyrion Lannister-barra)(Tyrion Lannister-red)(Tyrion Lannister-petyr)(Tyrion Lannister-hallis)(Tyrion Lannister-cleos)(Tyrion Lannister-sansa)(Tyrion Lannister-ulf)(Tyrion Lannister-daemon)(Tyrion Lannister-cersei)(Tyrion Lannister-masha)(Tyrion Lannister-janos)(Tyrion Lannister-desmond)(Tyrion Lannister-jorah)(Tyrion Lannister-daario)(Tyrion Lannister-meryn)(Tyrion Lannister-anvil)(Tyrion Lannister-jon)(Tyrion Lannister-joffrey)(Tyrion Lannister-robert)(Tyrion Lannister-robin)(Tyrion Lannister-arya)(Tyrion Lannister-osfryd)(Tyrion Lannister-lark)(Tyrion Lannister-timett)(Tyrion Lannister-will)(Tyrion Lannister-black)(Tyrion Lannister-qotho)(Tyrion Lannister-flement)(Tyrion Lannister-jacelyn)(Tyrion Lannister-edmure)(Tyrion Lannister-penny)(Tyrion Lannister-olyvar)"
"Shae","(Shae-small)(Shae-tyrion)(Shae-shae)(Shae-red)(Shae-petyr)(Shae-cleos)(Shae-sansa)(Shae-cersei)(Shae-janos)(Shae-joffrey)(Shae-will)(Shae-jacelyn)"
"Rhogoro",""
"Adrack Humble","(Adrack Humble-adrack)(Adrack Humble-will)"
"Bennet","(Bennet-bennet)"
"Donyse",""
"Shagwell","(Shagwell-small)(Shagwell-rorge)(Shagwell-shagwell)(Shagwell-brienne)(Shagwell-arya)"
"Gorold Goodbrother","(Gorold Goodbrother-gorold)(Gorold Goodbrother-mors)(Gorold Goodbrother-black)"
"Arya Stark","(Arya Stark-eddard)(Arya Stark-rorge)(Arya Stark-tyrion)(Arya Stark-red)(Arya Stark-shagwell)(Arya Stark-brienne)(Arya Stark-petyr)(Arya Stark-sansa)(Arya Stark-kindly)(Arya Stark-cersei)(Arya Stark-meryn)(Arya Stark-raymun)(Arya Stark-jon)(Arya Stark-joffrey)(Arya Stark-robert)(Arya Stark-lommy)(Arya Stark-mors)(Arya Stark-arya)(Arya Stark-mikken)(Arya Stark-marq)(Arya Stark-will)(Arya Stark-black)(Arya Stark-orphan)(Arya Stark-anguy)(Arya Stark-dunsen)(Arya Stark-olyvar)"
"Cleos Frey","(Cleos Frey-eddard)(Cleos Frey-tyrion)(Cleos Frey-shae)(Cleos Frey-red)(Cleos Frey-brienne)(Cleos Frey-petyr)(Cleos Frey-tion)(Cleos Frey-cleos)(Cleos Frey-tytos)(Cleos Frey-janos)(Cleos Frey-joffrey)(Cleos Frey-roose)(Cleos Frey-marq)(Cleos Frey-jacelyn)(Cleos Frey-edmure)"
"Jynessa Blackmont",""
"Desmond Grell","(Desmond Grell-tyrion)(Desmond Grell-red)(Desmond Grell-sansa)(Desmond Grell-desmond)(Desmond Grell-robin)(Desmond Grell-will)(Desmond Grell-black)"
"Bryan Fossoway","(Bryan Fossoway-bryan)(Bryan Fossoway-selyse)(Bryan Fossoway-shireen)(Bryan Fossoway-cersei)(Bryan Fossoway-chataya)(Bryan Fossoway-will)"
"Lommy","(Lommy-lommy)(Lommy-arya)(Lommy-will)(Lommy-orphan)"
"Edmure Tully","(Edmure Tully-tyrion)(Edmure Tully-red)(Edmure Tully-sarra)(Edmure Tully-brienne)(Edmure Tully-cleos)(Edmure Tully-tytos)(Edmure Tully-patrek)(Edmure Tully-ryman)(Edmure Tully-roose)(Edmure Tully-marq)(Edmure Tully-will)(Edmure Tully-black)(Edmure Tully-edmure)(Edmure Tully-wendel)(Edmure Tully-olyvar)"
"Petyr Frey","(Petyr Frey-donnel)(Petyr Frey-eddard)(Petyr Frey-tyrion)(Petyr Frey-shae)(Petyr Frey-selyse)(Petyr Frey-barra)(Petyr Frey-brienne)(Petyr Frey-petyr)(Petyr Frey-marlon)(Petyr Frey-yohn)(Petyr Frey-cleos)(Petyr Frey-sansa)(Petyr Frey-shireen)(Petyr Frey-cersei)(Petyr Frey-janos)(Petyr Frey-jon)(Petyr Frey-joffrey)(Petyr Frey-ryman)(Petyr Frey-robert)(Petyr Frey-robin)(Petyr Frey-arya)(Petyr Frey-roose)(Petyr Frey-will)(Petyr Frey-black)(Petyr Frey-olenna)(Petyr Frey-jacelyn)"
"Morna White Mask","(Morna White Mask-tormund)(Morna White Mask-jon)(Morna White Mask-black)(Morna White Mask-morna)"
