"Name","Edge List"
"Marlon Manderly","(Marlon Manderly-red)(Marlon Manderly-marlon)(Marlon Manderly-tycho)"
"Marq Piper","(Marq Piper-marq)(Marq Piper-red)(Marq Piper-mors)(Marq Piper-sandor)(Marq Piper-robin)(Marq Piper-hother)(Marq Piper-arya)(Marq Piper-walder)(Marq Piper-robb)(Marq Piper-patrek)(Marq Piper-roose)"
"Nymella Toland","(Nymella Toland-nymella)(Nymella Toland-ramsay)"
"Gevin Harlaw",""
"Tycho Nestoris","(Tycho Nestoris-mors)(Tycho Nestoris-meryn)(Tycho Nestoris-red)(Tycho Nestoris-marlon)(Tycho Nestoris-cersei)(Tycho Nestoris-arya)(Tycho Nestoris-mace)(Tycho Nestoris-asha)(Tycho Nestoris-jon)(Tycho Nestoris-tycho)"
"Torrhen Karstark","(Torrhen Karstark-robin)(Torrhen Karstark-red)(Torrhen Karstark-robb)(Torrhen Karstark-tytos)(Torrhen Karstark-rickard)(Torrhen Karstark-torrhen)"
"Porridge","(Porridge-porridge)"
"Bryen","(Bryen-bryen)"
"Mors Umber","(Mors Umber-marq)(Mors Umber-hother)(Mors Umber-aenys)(Mors Umber-alester)(Mors Umber-asha)(Mors Umber-jon)(Mors Umber-gorold)(Mors Umber-red)(Mors Umber-mors)(Mors Umber-mance)(Mors Umber-arya)(Mors Umber-varamyr)(Mors Umber-tycho)"
"Utt","(Utt-utt)"
"Patrek of King's Mountain","(Patrek of King's Mountain-marq)(Patrek of King's Mountain-jon)(Patrek of King's Mountain-robb)(Patrek of King's Mountain-rickard)(Patrek of King's Mountain-perwyn)(Patrek of King's Mountain-red)(Patrek of King's Mountain-galbart)(Patrek of King's Mountain-walder)(Patrek of King's Mountain-jason)(Patrek of King's Mountain-patrek)(Patrek of King's Mountain-ramsay)(Patrek of King's Mountain-olyvar)"
"Emmond",""
"Myles","(Myles-myles)"
"Roose Bolton","(Roose Bolton-marq)(Roose Bolton-aenys)(Roose Bolton-vargo)(Roose Bolton-symond)(Roose Bolton-jon)(Roose Bolton-robb)(Roose Bolton-walton)(Roose Bolton-rickard)(Roose Bolton-red)(Roose Bolton-mance)(Roose Bolton-wylis)(Roose Bolton-galbart)(Roose Bolton-arya)(Roose Bolton-melisandre)(Roose Bolton-elmar)(Roose Bolton-kevan)(Roose Bolton-qyburn)(Roose Bolton-roose)(Roose Bolton-ramsay)(Roose Bolton-roland)"
"Benedar Belmore","(Benedar Belmore-benedar)(Benedar Belmore-symond)"
"Arneld",""
"Gerren",""
"Godry Farring","(Godry Farring-godry)"
"Jorah Mormont","(Jorah Mormont-big)(Jorah Mormont-mace)(Jorah Mormont-pylos)(Jorah Mormont-mero)(Jorah Mormont-jon)(Jorah Mormont-red)(Jorah Mormont-alerie)(Jorah Mormont-doreah)(Jorah Mormont-oppo)(Jorah Mormont-viserys)(Jorah Mormont-oznak)(Jorah Mormont-tregar)(Jorah Mormont-jorah)"
"Hoster Tully","(Hoster Tully-sandor)(Hoster Tully-robb)(Hoster Tully-jon)(Hoster Tully-red)(Hoster Tully-galbart)(Hoster Tully-arya)(Hoster Tully-masha)(Hoster Tully-walder)(Hoster Tully-jason)(Hoster Tully-hoster)"
"Hallis Mollen","(Hallis Mollen-hallis)(Hallis Mollen-robb)(Hallis Mollen-brown)(Hallis Mollen-renly)"
"Mohor",""
"Viserys Targaryen","(Viserys Targaryen-jon)(Viserys Targaryen-sansa)(Viserys Targaryen-red)(Viserys Targaryen-doreah)(Viserys Targaryen-viserys)(Viserys Targaryen-jorah)(Viserys Targaryen-roland)"
"Stiv","(Stiv-robb)(Stiv-mance)(Stiv-stiv)"
"Walton","(Walton-walton)(Walton-roose)"
"Thistle",""
"Polliver","(Polliver-sandor)(Polliver-robb)(Polliver-sansa)(Polliver-lommy)(Polliver-arya)(Polliver-polliver)"
"Tom of Sevenstreams","(Tom of Sevenstreams-red)(Tom of Sevenstreams-tom)(Tom of Sevenstreams-arya)(Tom of Sevenstreams-walder)(Tom of Sevenstreams-lothar)"
"Melly",""
"Nestor Royce","(Nestor Royce-lyn)(Nestor Royce-nestor)(Nestor Royce-marwyn)(Nestor Royce-eon)(Nestor Royce-jon)(Nestor Royce-robb)(Nestor Royce-sansa)(Nestor Royce-robin)(Nestor Royce-red)"
"Goghor",""
"Humfrey Swyft","(Humfrey Swyft-donnel)(Humfrey Swyft-humfrey)"
"Ogo",""
"Eggon",""
"Oznak zo Pahl","(Oznak zo Pahl-oznak)(Oznak zo Pahl-jorah)"
"Renly Baratheon","(Renly Baratheon-hallis)(Renly Baratheon-alester)(Renly Baratheon-mace)(Renly Baratheon-robb)(Renly Baratheon-margaery)(Renly Baratheon-edric)(Renly Baratheon-arya)(Renly Baratheon-oppo)(Renly Baratheon-renly)"
"Kyra","(Kyra-tytos)(Kyra-kyra)(Kyra-ramsay)"
"Bessa (Winterfell)",""
"Ryk","(Ryk-ryk)(Ryk-jon)(Ryk-harma)(Ryk-mance)(Ryk-varamyr)"
"Joseran",""
"Squint","(Squint-squint)"
"Ravella Swann","(Ravella Swann-red)(Ravella Swann-ravella)"
"Alyn Ambrose","(Alyn Ambrose-aenys)(Alyn Ambrose-tytos)(Alyn Ambrose-alyn)(Alyn Ambrose-ulf)(Alyn Ambrose-red)(Alyn Ambrose-edric)(Alyn Ambrose-lothar)(Alyn Ambrose-gladden)(Alyn Ambrose-ramsay)"
"Osfryd Kettleblack","(Osfryd Kettleblack-lancel)(Osfryd Kettleblack-sansa)(Osfryd Kettleblack-alayaya)(Osfryd Kettleblack-cersei)(Osfryd Kettleblack-osmund)(Osfryd Kettleblack-osfryd)(Osfryd Kettleblack-kevan)"
"Wynton Stout",""
"Donnel Haigh","(Donnel Haigh-donnel)(Donnel Haigh-brown)(Donnel Haigh-sansa)(Donnel Haigh-clubfoot)(Donnel Haigh-craster)(Donnel Haigh-roland)(Donnel Haigh-humfrey)"
"Kenned",""
"Jon Connington","(Jon Connington-lyn)(Jon Connington-nestor)(Jon Connington-eon)(Jon Connington-ryk)(Jon Connington-jon)(Jon Connington-robb)(Jon Connington-harma)(Jon Connington-gilly)(Jon Connington-rickard)(Jon Connington-mors)(Jon Connington-robin)(Jon Connington-mance)(Jon Connington-ghost)(Jon Connington-arya)(Jon Connington-galbart)(Jon Connington-cotter)(Jon Connington-tycho)(Jon Connington-roose)(Jon Connington-zei)(Jon Connington-ramsay)(Jon Connington-hoster)(Jon Connington-hother)(Jon Connington-hareth)(Jon Connington-symond)(Jon Connington-sansa)(Jon Connington-aemon)(Jon Connington-wylis)(Jon Connington-ebben)(Jon Connington-cersei)(Jon Connington-melisandre)(Jon Connington-walder)(Jon Connington-varamyr)(Jon Connington-hobb)(Jon Connington-viserys)(Jon Connington-dalbridge)(Jon Connington-patrek)(Jon Connington-jorah)(Jon Connington-craster)(Jon Connington-dareon)"
"Dareon","(Dareon-jon)(Dareon-gilly)(Dareon-arya)(Dareon-aemon)(Dareon-hobb)(Dareon-borcas)(Dareon-dareon)"
"Kedge Whiteye","(Kedge Whiteye-kedge)(Kedge Whiteye-craster)"
"Dalbridge","(Dalbridge-jon)(Dalbridge-ebben)(Dalbridge-dalbridge)"
"Damon Dance-for-Me","(Damon Dance-for-Me-damon)(Damon Dance-for-Me-lyle)"
"Hyle Hunt","(Hyle Hunt-hyle)(Hyle Hunt-randyll)"
"Grazdar zo Galare",""
"Jacelyn Bywater","(Jacelyn Bywater-margaery)(Jacelyn Bywater-shae)(Jacelyn Bywater-boros)(Jacelyn Bywater-alayaya)(Jacelyn Bywater-cersei)(Jacelyn Bywater-jacelyn)"
"Ragnor Pyke",""
"Anguy","(Anguy-red)(Anguy-arya)(Anguy-anguy)"
"Jaggot",""
"Eon Hunter","(Eon Hunter-lyn)(Eon Hunter-nestor)(Eon Hunter-eon)(Eon Hunter-jon)"
"Creighton Longbough",""
"Rorge","(Rorge-rorge)(Rorge-shagwell)(Rorge-arya)(Rorge-sandor)(Rorge-vargo)"
"Hake",""
"Margaery Tyrell","(Margaery Tyrell-mace)(Margaery Tyrell-margaery)(Margaery Tyrell-lucan)(Margaery Tyrell-red)(Margaery Tyrell-unella)(Margaery Tyrell-alerie)(Margaery Tyrell-elinor)(Margaery Tyrell-kevan)(Margaery Tyrell-renly)(Margaery Tyrell-jalabhar)(Margaery Tyrell-sansa)(Margaery Tyrell-daemon)(Margaery Tyrell-cersei)(Margaery Tyrell-jacelyn)(Margaery Tyrell-randyll)(Margaery Tyrell-olyvar)"
"Murenmure","(Murenmure-murenmure)"
"Joss Stilwood","(Joss Stilwood-joss)"
"Lambert Turnberry","(Lambert Turnberry-lambert)"
"Areo Hotah","(Areo Hotah-daemon)(Areo Hotah-areo)"
"Bass","(Bass-bass)"
"Donnis",""
"Mace Tyrell","(Mace Tyrell-meryn)(Mace Tyrell-mace)(Mace Tyrell-margaery)(Mace Tyrell-alerie)(Mace Tyrell-arya)(Mace Tyrell-kevan)(Mace Tyrell-tycho)(Mace Tyrell-renly)(Mace Tyrell-cersei)(Mace Tyrell-jorah)"
"Cersei Frey","(Cersei Frey-vyman)(Cersei Frey-meryn)(Cersei Frey-big)(Cersei Frey-andar)(Cersei Frey-lancel)(Cersei Frey-mace)(Cersei Frey-jon)(Cersei Frey-margaery)(Cersei Frey-shae)(Cersei Frey-bryan)(Cersei Frey-lucan)(Cersei Frey-red)(Cersei Frey-unella)(Cersei Frey-arya)(Cersei Frey-osfryd)(Cersei Frey-kevan)(Cersei Frey-qyburn)(Cersei Frey-tycho)(Cersei Frey-sandor)(Cersei Frey-tytos)(Cersei Frey-jalabhar)(Cersei Frey-sansa)(Cersei Frey-daven)(Cersei Frey-daemon)(Cersei Frey-boros)(Cersei Frey-alayaya)(Cersei Frey-wylis)(Cersei Frey-cersei)(Cersei Frey-osmund)(Cersei Frey-walder)(Cersei Frey-jacelyn)(Cersei Frey-randyll)(Cersei Frey-olyvar)"
"Kevan Lannister","(Kevan Lannister-lancel)(Kevan Lannister-mace)(Kevan Lannister-robb)(Kevan Lannister-margaery)(Kevan Lannister-rickard)(Kevan Lannister-galbart)(Kevan Lannister-osfryd)(Kevan Lannister-kevan)(Kevan Lannister-qyburn)(Kevan Lannister-roose)(Kevan Lannister-tytos)(Kevan Lannister-daven)(Kevan Lannister-boros)(Kevan Lannister-cersei)(Kevan Lannister-roland)"
"Clubfoot Karl","(Clubfoot Karl-donnel)(Clubfoot Karl-clubfoot)(Clubfoot Karl-daemon)(Clubfoot Karl-craster)"
"Vyman","(Vyman-vyman)(Vyman-cersei)"
"Tytos Frey","(Tytos Frey-lucas)(Tytos Frey-yellow)(Tytos Frey-robb)(Tytos Frey-rickard)(Tytos Frey-torrhen)(Tytos Frey-red)(Tytos Frey-kevan)(Tytos Frey-tytos)(Tytos Frey-alyn)(Tytos Frey-kyra)(Tytos Frey-cersei)(Tytos Frey-lothar)(Tytos Frey-walder)(Tytos Frey-jason)"
"Lyn Corbray","(Lyn Corbray-lyn)(Lyn Corbray-nestor)(Lyn Corbray-eon)(Lyn Corbray-jon)(Lyn Corbray-sansa)"
"Aethan",""
"Poul Pemford",""
"Lucan","(Lucan-margaery)(Lucan-lucan)(Lucan-cersei)"
"Varamyr","(Varamyr-ryk)(Varamyr-jon)(Varamyr-harma)(Varamyr-mors)(Varamyr-mance)(Varamyr-varamyr)(Varamyr-melisandre)"
"Josmyn Peckledon",""
"Melisandre","(Melisandre-jon)(Melisandre-harma)(Melisandre-red)(Melisandre-mance)(Melisandre-ghost)(Melisandre-arya)(Melisandre-roose)(Melisandre-ramsay)(Melisandre-sandor)(Melisandre-edric)(Melisandre-melisandre)(Melisandre-walder)(Melisandre-varamyr)"
"Pylos","(Pylos-pylos)(Pylos-alester)(Pylos-edric)(Pylos-jorah)"
"Guyard Morrigen","(Guyard Morrigen-guyard)(Guyard Morrigen-edric)"
"Ghost of High Heart","(Ghost of High Heart-jon)(Ghost of High Heart-gilly)(Ghost of High Heart-red)(Ghost of High Heart-mance)(Ghost of High Heart-ghost)(Ghost of High Heart-melisandre)(Ghost of High Heart-hobb)"
"Gynir","(Gynir-gynir)(Gynir-farlen)(Gynir-ramsay)"
"Dunsen","(Dunsen-arya)(Dunsen-dunsen)"
"Perwyn Frey","(Perwyn Frey-robb)(Perwyn Frey-rickard)(Perwyn Frey-red)(Perwyn Frey-perwyn)(Perwyn Frey-walder)(Perwyn Frey-patrek)(Perwyn Frey-olyvar)"
"Ebben","(Ebben-jon)(Ebben-ebben)(Ebben-dalbridge)"
"Aemon Estermont","(Aemon Estermont-jon)(Aemon Estermont-gilly)(Aemon Estermont-aemon)(Aemon Estermont-daemon)(Aemon Estermont-borcas)(Aemon Estermont-dareon)"
"Elinor Tyrell","(Elinor Tyrell-margaery)(Elinor Tyrell-elinor)"
"Doreah","(Doreah-red)(Doreah-doreah)(Doreah-jhogo)(Doreah-viserys)(Doreah-jorah)"
"Sansa Stark","(Sansa Stark-lyn)(Sansa Stark-meryn)(Sansa Stark-nestor)(Sansa Stark-big)(Sansa Stark-lancel)(Sansa Stark-donnel)(Sansa Stark-jon)(Sansa Stark-robb)(Sansa Stark-yellow)(Sansa Stark-margaery)(Sansa Stark-shae)(Sansa Stark-red)(Sansa Stark-robin)(Sansa Stark-mance)(Sansa Stark-alerie)(Sansa Stark-colemon)(Sansa Stark-arya)(Sansa Stark-galbart)(Sansa Stark-osfryd)(Sansa Stark-ramsay)(Sansa Stark-polliver)(Sansa Stark-sandor)(Sansa Stark-vayon)(Sansa Stark-marwyn)(Sansa Stark-mord)(Sansa Stark-sansa)(Sansa Stark-brown)(Sansa Stark-boros)(Sansa Stark-wylis)(Sansa Stark-osmund)(Sansa Stark-cersei)(Sansa Stark-masha)(Sansa Stark-walder)(Sansa Stark-viserys)(Sansa Stark-desmond)(Sansa Stark-olyvar)"
"Rolfe the Dwarf",""
"Shyra Errol",""
"Serra Frey","(Serra Frey-robb)(Serra Frey-serra)(Serra Frey-walder)"
"Brown Bernarr","(Brown Bernarr-donnel)(Brown Bernarr-asha)(Brown Bernarr-red)(Brown Bernarr-vayon)(Brown Bernarr-hallis)(Brown Bernarr-brown)(Brown Bernarr-sansa)"
"Andar Royce","(Andar Royce-andar)(Andar Royce-cersei)"
"Alester Florent","(Alester Florent-pylos)(Alester Florent-red)(Alester Florent-mors)(Alester Florent-khorane)(Alester Florent-renly)(Alester Florent-alester)(Alester Florent-edric)"
"Asha Greyjoy","(Asha Greyjoy-asha)(Asha Greyjoy-mors)(Asha Greyjoy-red)(Asha Greyjoy-tycho)(Asha Greyjoy-brown)"
"Osmund Kettleblack","(Osmund Kettleblack-lancel)(Osmund Kettleblack-osfryd)(Osmund Kettleblack-sandor)(Osmund Kettleblack-sansa)(Osmund Kettleblack-boros)(Osmund Kettleblack-osmund)(Osmund Kettleblack-cersei)"
"Khorane Sathmantes","(Khorane Sathmantes-khorane)(Khorane Sathmantes-alester)"
"Lyle Crakehall","(Lyle Crakehall-damon)(Lyle Crakehall-lyle)"
"Gylbert Farwynd",""
"Marwyn","(Marwyn-nestor)(Marwyn-robin)(Marwyn-marwyn)(Marwyn-sansa)"
"Dancy",""
"Mance Rayder","(Mance Rayder-ryk)(Mance Rayder-jon)(Mance Rayder-robb)(Mance Rayder-yellow)(Mance Rayder-harma)(Mance Rayder-gilly)(Mance Rayder-shae)(Mance Rayder-mors)(Mance Rayder-red)(Mance Rayder-mance)(Mance Rayder-ghost)(Mance Rayder-arya)(Mance Rayder-cotter)(Mance Rayder-roose)(Mance Rayder-ramsay)(Mance Rayder-aenys)(Mance Rayder-symond)(Mance Rayder-sansa)(Mance Rayder-alayaya)(Mance Rayder-melisandre)(Mance Rayder-walder)(Mance Rayder-varamyr)(Mance Rayder-stiv)(Mance Rayder-craster)"
"Pia","(Pia-pia)"
"Jeren",""
"Lucas Codd","(Lucas Codd-lucas)(Lucas Codd-robb)(Lucas Codd-red)(Lucas Codd-tytos)(Lucas Codd-lothar)(Lucas Codd-walder)"
"Timett","(Timett-timett)"
"Jhogo","(Jhogo-red)(Jhogo-doreah)(Jhogo-jhogo)(Jhogo-skahaz)"
"Corliss Penny",""
"Theomore Lannister","(Theomore Lannister-theomore)"
"Falia Flowers","(Falia Flowers-red)(Falia Flowers-falia)"
"Cuger",""
"Olyvar Frey","(Olyvar Frey-robb)(Olyvar Frey-margaery)(Olyvar Frey-rickard)(Olyvar Frey-red)(Olyvar Frey-arya)(Olyvar Frey-sansa)(Olyvar Frey-perwyn)(Olyvar Frey-cersei)(Olyvar Frey-walder)(Olyvar Frey-patrek)(Olyvar Frey-olyvar)"
"Red Rolfe","(Red Rolfe-big)(Red Rolfe-lucas)(Red Rolfe-asha)(Red Rolfe-robb)(Red Rolfe-shae)(Red Rolfe-torrhen)(Red Rolfe-red)(Red Rolfe-mance)(Red Rolfe-unella)(Red Rolfe-oppo)(Red Rolfe-tycho)(Red Rolfe-ramsay)(Red Rolfe-jhogo)(Red Rolfe-hoster)(Red Rolfe-sandor)(Red Rolfe-marlon)(Red Rolfe-vayon)(Red Rolfe-falia)(Red Rolfe-garin)(Red Rolfe-alester)(Red Rolfe-symond)(Red Rolfe-tytos)(Red Rolfe-jalabhar)(Red Rolfe-sansa)(Red Rolfe-brown)(Red Rolfe-daven)(Red Rolfe-alyn)(Red Rolfe-daemon)(Red Rolfe-wylis)(Red Rolfe-alayaya)(Red Rolfe-cersei)(Red Rolfe-lothar)(Red Rolfe-masha)(Red Rolfe-patrek)(Red Rolfe-ravella)(Red Rolfe-desmond)(Red Rolfe-randyll)(Red Rolfe-jorah)(Red Rolfe-nestor)(Red Rolfe-lancel)(Red Rolfe-margaery)(Red Rolfe-rickard)(Red Rolfe-mors)(Red Rolfe-robin)(Red Rolfe-tom)(Red Rolfe-ghost)(Red Rolfe-doreah)(Red Rolfe-galbart)(Red Rolfe-arya)(Red Rolfe-qyburn)(Red Rolfe-roose)(Red Rolfe-marq)(Red Rolfe-hother)(Red Rolfe-aenys)(Red Rolfe-perwyn)(Red Rolfe-boros)(Red Rolfe-anguy)(Red Rolfe-walder)(Red Rolfe-melisandre)(Red Rolfe-viserys)(Red Rolfe-jason)(Red Rolfe-olyvar)"
"Vargo Hoat","(Vargo Hoat-rorge)(Vargo Hoat-shagwell)(Vargo Hoat-wylis)(Vargo Hoat-arya)(Vargo Hoat-roose)(Vargo Hoat-vargo)"
"Meha",""
"Luton","(Luton-luton)(Luton-ramsay)"
"Hareth (Mole's Town)","(Hareth (Mole's Town)-zei)(Hareth (Mole's Town)-jon)(Hareth (Mole's Town)-hareth)"
"Harma","(Harma-ryk)(Harma-harma)(Harma-mance)(Harma-jon)(Harma-varamyr)(Harma-melisandre)"
"Rickard Ryswell","(Rickard Ryswell-robb)(Rickard Ryswell-torrhen)(Rickard Ryswell-red)(Rickard Ryswell-kevan)(Rickard Ryswell-tytos)(Rickard Ryswell-daven)(Rickard Ryswell-patrek)(Rickard Ryswell-lancel)(Rickard Ryswell-jon)(Rickard Ryswell-rickard)(Rickard Ryswell-robin)(Rickard Ryswell-galbart)(Rickard Ryswell-roose)(Rickard Ryswell-perwyn)(Rickard Ryswell-walder)(Rickard Ryswell-roland)(Rickard Ryswell-olyvar)"
"Jothos Slynt",""
"Sawwood",""
"Jalabhar Xho","(Jalabhar Xho-red)(Jalabhar Xho-jalabhar)(Jalabhar Xho-cersei)(Jalabhar Xho-margaery)"
"Bellegere Otherys (courtesan)","(Bellegere Otherys (courtesan)-bellegere)"
"Lennocks",""
"Ralf Stonehouse","(Ralf Stonehouse-ramsay)(Ralf Stonehouse-adrack)(Ralf Stonehouse-ralf)"
"Masha Heddle","(Masha Heddle-red)(Masha Heddle-hoster)(Masha Heddle-sansa)(Masha Heddle-masha)"
"Elmar Frey","(Elmar Frey-robb)(Elmar Frey-elmar)(Elmar Frey-arya)(Elmar Frey-roose)(Elmar Frey-walder)"
"Symond Templeton","(Symond Templeton-red)(Symond Templeton-mance)(Symond Templeton-benedar)(Symond Templeton-symond)(Symond Templeton-jon)(Symond Templeton-roose)(Symond Templeton-aenys)"
"Mord","(Mord-sansa)(Mord-robin)(Mord-mord)"
"Gilly","(Gilly-gilly)(Gilly-mance)(Gilly-hobb)(Gilly-randyll)(Gilly-craster)(Gilly-jon)(Gilly-ghost)(Gilly-arya)(Gilly-aemon)(Gilly-dareon)"
"Torwynd the Tame",""
"Robb Stark","(Robb Stark-lucas)(Robb Stark-robb)(Robb Stark-serra)(Robb Stark-torrhen)(Robb Stark-red)(Robb Stark-mance)(Robb Stark-oppo)(Robb Stark-elmar)(Robb Stark-kevan)(Robb Stark-renly)(Robb Stark-polliver)(Robb Stark-hoster)(Robb Stark-sandor)(Robb Stark-hallis)(Robb Stark-tytos)(Robb Stark-sansa)(Robb Stark-daven)(Robb Stark-lothar)(Robb Stark-patrek)(Robb Stark-nestor)(Robb Stark-jon)(Robb Stark-rickard)(Robb Stark-robin)(Robb Stark-arya)(Robb Stark-galbart)(Robb Stark-qyburn)(Robb Stark-roose)(Robb Stark-marq)(Robb Stark-perwyn)(Robb Stark-walder)(Robb Stark-stiv)(Robb Stark-jason)(Robb Stark-olyvar)"
"Ulf son of Umar","(Ulf son of Umar-alyn)(Ulf son of Umar-ulf)"
"Robin Flint","(Robin Flint-robb)(Robin Flint-torrhen)(Robin Flint-red)(Robin Flint-ramsay)(Robin Flint-marwyn)(Robin Flint-sansa)(Robin Flint-desmond)(Robin Flint-nestor)(Robin Flint-jon)(Robin Flint-rickard)(Robin Flint-robin)(Robin Flint-marq)(Robin Flint-mord)(Robin Flint-roland)"
"Yellow Dick","(Yellow Dick-mance)(Yellow Dick-tytos)(Yellow Dick-sansa)(Yellow Dick-yellow)(Yellow Dick-arya)"
"Holger",""
"Larraq",""
"Big Walder Frey","(Big Walder Frey-big)(Big Walder Frey-red)(Big Walder Frey-oppo)(Big Walder Frey-sandor)(Big Walder Frey-sansa)(Big Walder Frey-cersei)(Big Walder Frey-jorah)(Big Walder Frey-meryn)"
"Zei","(Zei-zei)(Zei-jon)(Zei-hareth)"
"Colemon","(Colemon-colemon)(Colemon-sansa)"
"Alerie Hightower","(Alerie Hightower-alerie)(Alerie Hightower-sansa)(Alerie Hightower-jorah)(Alerie Hightower-mace)(Alerie Hightower-margaery)"
"Meryn Trant","(Meryn Trant-big)(Meryn Trant-tycho)(Meryn Trant-sandor)(Meryn Trant-sansa)(Meryn Trant-cersei)(Meryn Trant-meryn)(Meryn Trant-mace)(Meryn Trant-arya)(Meryn Trant-boros)"
"Oppo","(Oppo-big)(Oppo-robb)(Oppo-red)(Oppo-oppo)(Oppo-renly)(Oppo-jorah)"
"Mero","(Mero-jorah)(Mero-mero)"
"Lancel Lannister","(Lancel Lannister-red)(Lancel Lannister-kevan)(Lancel Lannister-sansa)(Lancel Lannister-cersei)(Lancel Lannister-osmund)(Lancel Lannister-lancel)(Lancel Lannister-rickard)(Lancel Lannister-osfryd)(Lancel Lannister-qyburn)"
"Jason Mallister","(Jason Mallister-robb)(Jason Mallister-red)(Jason Mallister-hoster)(Jason Mallister-tytos)(Jason Mallister-patrek)(Jason Mallister-galbart)(Jason Mallister-walder)(Jason Mallister-jason)"
"Ramsay Snow","(Ramsay Snow-gynir)(Ramsay Snow-luton)(Ramsay Snow-farlen)(Ramsay Snow-red)(Ramsay Snow-mance)(Ramsay Snow-ramsay)(Ramsay Snow-sansa)(Ramsay Snow-alyn)(Ramsay Snow-kyra)(Ramsay Snow-patrek)(Ramsay Snow-adrack)(Ramsay Snow-jon)(Ramsay Snow-nymella)(Ramsay Snow-robin)(Ramsay Snow-arya)(Ramsay Snow-ralf)(Ramsay Snow-roose)(Ramsay Snow-aenys)(Ramsay Snow-hother)(Ramsay Snow-melisandre)(Ramsay Snow-walder)"
"Edric Storm","(Edric Storm-renly)(Edric Storm-sandor)(Edric Storm-alester)(Edric Storm-alyn)(Edric Storm-edric)(Edric Storm-gladden)(Edric Storm-guyard)(Edric Storm-pylos)(Edric Storm-arya)(Edric Storm-melisandre)"
"Galbart Glover","(Galbart Glover-robb)(Galbart Glover-red)(Galbart Glover-kevan)(Galbart Glover-hoster)(Galbart Glover-sansa)(Galbart Glover-patrek)(Galbart Glover-jon)(Galbart Glover-rickard)(Galbart Glover-galbart)(Galbart Glover-roose)(Galbart Glover-jason)(Galbart Glover-roland)"
"Unella","(Unella-red)(Unella-unella)(Unella-cersei)(Unella-margaery)"
"Cotter Pyke","(Cotter Pyke-mance)(Cotter Pyke-jon)(Cotter Pyke-cotter)"
"Tregar","(Tregar-tregar)(Tregar-jorah)"
"Alayaya","(Alayaya-shae)(Alayaya-red)(Alayaya-mance)(Alayaya-alayaya)(Alayaya-cersei)(Alayaya-osfryd)(Alayaya-boros)(Alayaya-jacelyn)"
"Lothar Frey","(Lothar Frey-lucas)(Lothar Frey-robb)(Lothar Frey-red)(Lothar Frey-tytos)(Lothar Frey-alyn)(Lothar Frey-lothar)(Lothar Frey-gladden)(Lothar Frey-tom)(Lothar Frey-arya)(Lothar Frey-walder)"
"Roland Crakehall (Lord)","(Roland Crakehall (Lord)-donnel)(Roland Crakehall (Lord)-kevan)(Roland Crakehall (Lord)-desmond)(Roland Crakehall (Lord)-rickard)(Roland Crakehall (Lord)-robin)(Roland Crakehall (Lord)-galbart)(Roland Crakehall (Lord)-roose)(Roland Crakehall (Lord)-viserys)(Roland Crakehall (Lord)-roland)"
"Daemon Sand","(Daemon Sand-red)(Daemon Sand-daemon)(Daemon Sand-cersei)(Daemon Sand-areo)(Daemon Sand-margaery)(Daemon Sand-clubfoot)(Daemon Sand-qyburn)(Daemon Sand-aemon)"
"Qezza",""
"Conn",""
"Belaquo",""
"Vayon Poole","(Vayon Poole-red)(Vayon Poole-vayon)(Vayon Poole-sansa)(Vayon Poole-brown)"
"Randyll Tarly","(Randyll Tarly-gilly)(Randyll Tarly-red)(Randyll Tarly-cersei)(Randyll Tarly-randyll)(Randyll Tarly-margaery)(Randyll Tarly-hyle)"
"Romny Weaver",""
"Walder Rivers","(Walder Rivers-lucas)(Walder Rivers-robb)(Walder Rivers-serra)(Walder Rivers-red)(Walder Rivers-mance)(Walder Rivers-elmar)(Walder Rivers-ramsay)(Walder Rivers-hoster)(Walder Rivers-sandor)(Walder Rivers-tytos)(Walder Rivers-sansa)(Walder Rivers-daven)(Walder Rivers-cersei)(Walder Rivers-lothar)(Walder Rivers-patrek)(Walder Rivers-jon)(Walder Rivers-rickard)(Walder Rivers-tom)(Walder Rivers-arya)(Walder Rivers-marq)(Walder Rivers-perwyn)(Walder Rivers-melisandre)(Walder Rivers-walder)(Walder Rivers-jason)(Walder Rivers-olyvar)"
"Daven Lannister","(Daven Lannister-robb)(Daven Lannister-red)(Daven Lannister-kevan)(Daven Lannister-daven)(Daven Lannister-cersei)(Daven Lannister-rickard)(Daven Lannister-walder)"
"Craster","(Craster-donnel)(Craster-gilly)(Craster-mance)(Craster-kedge)(Craster-craster)(Craster-jon)(Craster-clubfoot)"
"Three-Tooth",""
"Qyburn","(Qyburn-robb)(Qyburn-red)(Qyburn-kevan)(Qyburn-daemon)(Qyburn-cersei)(Qyburn-lancel)(Qyburn-qyburn)(Qyburn-roose)"
"Chella","(Chella-chella)"
"Hobb","(Hobb-gilly)(Hobb-hobb)(Hobb-jon)(Hobb-ghost)(Hobb-dareon)"
"Borcas","(Borcas-aemon)(Borcas-borcas)(Borcas-dareon)"
"Tytos Blackwood","(Tytos Blackwood-lucas)(Tytos Blackwood-robb)(Tytos Blackwood-torrhen)(Tytos Blackwood-red)(Tytos Blackwood-kevan)(Tytos Blackwood-tytos)(Tytos Blackwood-alyn)(Tytos Blackwood-kyra)(Tytos Blackwood-cersei)(Tytos Blackwood-lothar)(Tytos Blackwood-yellow)(Tytos Blackwood-rickard)(Tytos Blackwood-walder)(Tytos Blackwood-jason)"
"Shae","(Shae-shae)(Shae-red)(Shae-mance)(Shae-sandor)(Shae-sansa)(Shae-alayaya)(Shae-cersei)(Shae-jacelyn)"
"Rhogoro",""
"Adrack Humble","(Adrack Humble-ramsay)(Adrack Humble-adrack)(Adrack Humble-ralf)"
"Kromm",""
"Donyse",""
"Shagwell","(Shagwell-rorge)(Shagwell-shagwell)(Shagwell-arya)(Shagwell-vargo)"
"Gorold Goodbrother","(Gorold Goodbrother-gorold)(Gorold Goodbrother-mors)"
"Qyle","(Qyle-qyle)"
"Ossy",""
"Skahaz mo Kandaq","(Skahaz mo Kandaq-jhogo)(Skahaz mo Kandaq-skahaz)"
"Arya Stark","(Arya Stark-robb)(Arya Stark-rorge)(Arya Stark-gilly)(Arya Stark-red)(Arya Stark-mance)(Arya Stark-shagwell)(Arya Stark-elmar)(Arya Stark-renly)(Arya Stark-tycho)(Arya Stark-ramsay)(Arya Stark-polliver)(Arya Stark-hoster)(Arya Stark-sandor)(Arya Stark-sansa)(Arya Stark-cersei)(Arya Stark-edric)(Arya Stark-lothar)(Arya Stark-meryn)(Arya Stark-mace)(Arya Stark-jon)(Arya Stark-yellow)(Arya Stark-mors)(Arya Stark-lommy)(Arya Stark-tom)(Arya Stark-arya)(Arya Stark-roose)(Arya Stark-marq)(Arya Stark-aenys)(Arya Stark-vargo)(Arya Stark-anguy)(Arya Stark-melisandre)(Arya Stark-walder)(Arya Stark-dunsen)(Arya Stark-olyvar)(Arya Stark-dareon)"
"Wylis Manderly","(Wylis Manderly-red)(Wylis Manderly-sansa)(Wylis Manderly-wylis)(Wylis Manderly-cersei)(Wylis Manderly-jon)(Wylis Manderly-roose)(Wylis Manderly-vargo)"
"Byam Flint","(Byam Flint-byam)"
"Hother Umber","(Hother Umber-red)(Hother Umber-ramsay)(Hother Umber-jon)(Hother Umber-mors)(Hother Umber-marq)(Hother Umber-hother)"
"Heward","(Heward-heward)"
"Garin (Orphan)","(Garin (Orphan)-red)(Garin (Orphan)-garin)"
"Gladden Wylde","(Gladden Wylde-alyn)(Gladden Wylde-edric)(Gladden Wylde-lothar)(Gladden Wylde-gladden)"
"Sandor Clegane","(Sandor Clegane-big)(Sandor Clegane-robb)(Sandor Clegane-rorge)(Sandor Clegane-shae)(Sandor Clegane-red)(Sandor Clegane-polliver)(Sandor Clegane-hoster)(Sandor Clegane-sandor)(Sandor Clegane-sansa)(Sandor Clegane-osmund)(Sandor Clegane-edric)(Sandor Clegane-cersei)(Sandor Clegane-meryn)(Sandor Clegane-arya)(Sandor Clegane-marq)(Sandor Clegane-boros)(Sandor Clegane-melisandre)(Sandor Clegane-walder)"
"Desmond Grell","(Desmond Grell-red)(Desmond Grell-sansa)(Desmond Grell-desmond)(Desmond Grell-robin)(Desmond Grell-roland)"
"Bryan Fossoway","(Bryan Fossoway-bryan)(Bryan Fossoway-cersei)"
"Lommy","(Lommy-polliver)(Lommy-lommy)(Lommy-arya)"
"Boros Blount","(Boros Blount-red)(Boros Blount-kevan)(Boros Blount-sandor)(Boros Blount-sansa)(Boros Blount-alayaya)(Boros Blount-osmund)(Boros Blount-cersei)(Boros Blount-meryn)(Boros Blount-boros)(Boros Blount-jacelyn)"
"Farlen","(Farlen-gynir)(Farlen-farlen)(Farlen-ramsay)"
"Aenys Frey","(Aenys Frey-red)(Aenys Frey-mance)(Aenys Frey-ramsay)(Aenys Frey-symond)(Aenys Frey-alyn)(Aenys Frey-mors)(Aenys Frey-arya)(Aenys Frey-roose)(Aenys Frey-aenys)"
