"Name","Edge List"
"Marq Piper","(Marq Piper-red)(Marq Piper-marq)(Marq Piper-robert)(Marq Piper-sandor)(Marq Piper-robin)(Marq Piper-hother)(Marq Piper-raymun)(Marq Piper-walder)(Marq Piper-left)(Marq Piper-black)(Marq Piper-roose)"
"Robert Arryn","(Robert Arryn-big)(Robert Arryn-raymun)(Robert Arryn-joffrey)(Robert Arryn-tyrion)(Robert Arryn-pycelle)(Robert Arryn-robert)(Robert Arryn-barra)(Robert Arryn-red)(Robert Arryn-robin)(Robert Arryn-lommy)(Robert Arryn-unella)(Robert Arryn-colemon)(Robert Arryn-osfryd)(Robert Arryn-myles)(Robert Arryn-kevan)(Robert Arryn-roose)(Robert Arryn-gendry)(Robert Arryn-sandor)(Robert Arryn-marq)(Robert Arryn-symond)(Robert Arryn-sansa)(Robert Arryn-boros)(Robert Arryn-shireen)(Robert Arryn-cersei)(Robert Arryn-edric)(Robert Arryn-osmund)(Robert Arryn-mya)(Robert Arryn-walder)(Robert Arryn-left)(Robert Arryn-janos)(Robert Arryn-barsena)"
"Gevin Harlaw",""
"Dermot","(Dermot-dermot)(Dermot-joffrey)"
"Bryen","(Bryen-bryen)"
"Harys Haigh","(Harys Haigh-pycelle)(Harys Haigh-harys)(Harys Haigh-leo)(Harys Haigh-kevan)(Harys Haigh-left)"
"Emmond",""
"Myles","(Myles-robert)(Myles-myles)"
"Roose Bolton","(Roose Bolton-lymond)(Roose Bolton-maege)(Roose Bolton-ben)(Roose Bolton-robert)(Roose Bolton-red)(Roose Bolton-jeyne)(Roose Bolton-helman)(Roose Bolton-galbart)(Roose Bolton-elmar)(Roose Bolton-pate)(Roose Bolton-kevan)(Roose Bolton-roose)(Roose Bolton-marq)(Roose Bolton-aenys)(Roose Bolton-vargo)(Roose Bolton-symond)(Roose Bolton-black)(Roose Bolton-walton)(Roose Bolton-blue)(Roose Bolton-left)(Roose Bolton-walder)(Roose Bolton-jared)(Roose Bolton-wyman)"
"Norjen",""
"Benedar Belmore","(Benedar Belmore-benedar)(Benedar Belmore-symond)"
"Garth of Greenaway","(Garth of Greenaway-ulmer)(Garth of Greenaway-donnel)(Garth of Greenaway-margaery)(Garth of Greenaway-clubfoot)(Garth of Greenaway-garth)(Garth of Greenaway-left)(Garth of Greenaway-rowan)(Garth of Greenaway-craster)"
"Gerren",""
"Bannen","(Bannen-black)(Bannen-bannen)(Bannen-kedge)(Bannen-craster)"
"Godry Farring","(Godry Farring-godry)"
"Harmune",""
"Eldred Codd",""
"Penny","(Penny-tyrion)(Penny-penny)"
"Hallis Mollen","(Hallis Mollen-tyrion)(Hallis Mollen-hallis)(Hallis Mollen-quent)(Hallis Mollen-brown)(Hallis Mollen-left)"
"Black Bernarr","(Black Bernarr-ulmer)(Black Bernarr-big)(Black Bernarr-tormund)(Black Bernarr-raymun)(Black Bernarr-asha)(Black Bernarr-dagon)(Black Bernarr-harma)(Black Bernarr-joffrey)(Black Bernarr-tyrion)(Black Bernarr-gilly)(Black Bernarr-ryman)(Black Bernarr-pycelle)(Black Bernarr-red)(Black Bernarr-robin)(Black Bernarr-unella)(Black Bernarr-alliser)(Black Bernarr-clubfoot)(Black Bernarr-todder)(Black Bernarr-alysane)(Black Bernarr-quentyn)(Black Bernarr-roose)(Black Bernarr-zei)(Black Bernarr-othell)(Black Bernarr-marq)(Black Bernarr-timett)(Black Bernarr-marwyn)(Black Bernarr-vargo)(Black Bernarr-black)(Black Bernarr-dalla)(Black Bernarr-brown)(Black Bernarr-daven)(Black Bernarr-bannen)(Black Bernarr-shireen)(Black Bernarr-cersei)(Black Bernarr-walder)(Black Bernarr-left)(Black Bernarr-morna)(Black Bernarr-janos)(Black Bernarr-jason)(Black Bernarr-belwas)(Black Bernarr-wyman)(Black Bernarr-craster)"
"Walton","(Walton-roose)(Walton-walton)"
"Thistle",""
"Maege Mormont","(Maege Mormont-maege)(Maege Mormont-lymond)(Maege Mormont-joffrey)(Maege Mormont-ryman)(Maege Mormont-red)(Maege Mormont-galbart)(Maege Mormont-alysane)(Maege Mormont-kevan)(Maege Mormont-roose)(Maege Mormont-perwyn)(Maege Mormont-left)(Maege Mormont-walder)(Maege Mormont-jason)"
"Melly",""
"Sour Alyn","(Sour Alyn-joffrey)(Sour Alyn-sour)(Sour Alyn-pycelle)(Sour Alyn-red)(Sour Alyn-alyn)"
"Kurz","(Kurz-kurz)(Kurz-gendry)"
"Ryman Frey","(Ryman Frey-maege)(Ryman Frey-ryman)(Ryman Frey-red)(Ryman Frey-alysane)(Ryman Frey-alester)(Ryman Frey-black)(Ryman Frey-daven)(Ryman Frey-walder)(Ryman Frey-jason)"
"Goghor",""
"Nan","(Nan-red)(Nan-nan)(Nan-brown)(Nan-sansa)"
"Eggon",""
"Oznak zo Pahl","(Oznak zo Pahl-ben)(Oznak zo Pahl-oznak)(Oznak zo Pahl-brown)(Oznak zo Pahl-belwas)"
"Ogo",""
"Humfrey Swyft","(Humfrey Swyft-donnel)(Humfrey Swyft-humfrey)"
"Joseran",""
"Hop-Robin",""
"Ravella Swann","(Ravella Swann-red)(Ravella Swann-ravella)"
"Alyn Ambrose","(Alyn Ambrose-raymun)(Alyn Ambrose-sour)(Alyn Ambrose-red)(Alyn Ambrose-jeyne)(Alyn Ambrose-aenys)(Alyn Ambrose-tytos)(Alyn Ambrose-alyn)(Alyn Ambrose-edric)(Alyn Ambrose-left)"
"Osfryd Kettleblack","(Osfryd Kettleblack-joffrey)(Osfryd Kettleblack-tyrion)(Osfryd Kettleblack-robert)(Osfryd Kettleblack-osfryd)(Osfryd Kettleblack-kevan)(Osfryd Kettleblack-sansa)(Osfryd Kettleblack-cersei)(Osfryd Kettleblack-osmund)"
"Rowan","(Rowan-garth)(Rowan-left)(Rowan-paxter)(Rowan-rowan)(Rowan-dareon)"
"Wynton Stout",""
"Donnel Haigh","(Donnel Haigh-ulmer)(Donnel Haigh-donnel)(Donnel Haigh-clubfoot)(Donnel Haigh-garth)(Donnel Haigh-lark)(Donnel Haigh-humfrey)(Donnel Haigh-brown)(Donnel Haigh-sansa)(Donnel Haigh-craster)"
"Quentyn Martell","(Quentyn Martell-quentyn)(Quentyn Martell-black)"
"Alla Tyrell","(Alla Tyrell-joffrey)(Alla Tyrell-margaery)(Alla Tyrell-alla)(Alla Tyrell-elinor)(Alla Tyrell-paxter)"
"Dareon","(Dareon-gilly)(Dareon-hobb)(Dareon-rowan)(Dareon-dareon)"
"Blane","(Blane-blane)"
"Kedge Whiteye","(Kedge Whiteye-bannen)(Kedge Whiteye-kedge)(Kedge Whiteye-craster)"
"Belwas","(Belwas-ben)(Belwas-oznak)(Belwas-black)(Belwas-brown)(Belwas-belwas)(Belwas-barsena)"
"Dalbridge","(Dalbridge-ebben)(Dalbridge-dalbridge)"
"Esgred",""
"Gendry","(Gendry-kurz)(Gendry-tormund)(Gendry-barra)(Gendry-robert)(Gendry-lommy)(Gendry-gendry)(Gendry-sandor)(Gendry-orphan)(Gendry-sansa)(Gendry-shireen)(Gendry-edric)(Gendry-mya)(Gendry-anguy)(Gendry-left)"
"Wyman Manderly","(Wyman Manderly-leobald)(Wyman Manderly-red)(Wyman Manderly-jeyne)(Wyman Manderly-roose)(Wyman Manderly-aenys)(Wyman Manderly-symond)(Wyman Manderly-black)(Wyman Manderly-tytos)(Wyman Manderly-cersei)(Wyman Manderly-walder)(Wyman Manderly-left)(Wyman Manderly-jared)(Wyman Manderly-wyman)"
"Grazdar zo Galare",""
"Irri","(Irri-irri)(Irri-drogo)"
"Paxter Redwyne","(Paxter Redwyne-joffrey)(Paxter Redwyne-margaery)(Paxter Redwyne-alla)(Paxter Redwyne-elinor)(Paxter Redwyne-kevan)(Paxter Redwyne-left)(Paxter Redwyne-paxter)(Paxter Redwyne-rowan)"
"Anguy","(Anguy-red)(Anguy-gendry)(Anguy-anguy)"
"Eon Hunter","(Eon Hunter-eon)(Eon Hunter-tyrion)"
"Hake",""
"Margaery Tyrell","(Margaery Tyrell-margaery)(Margaery Tyrell-joffrey)(Margaery Tyrell-tyrion)(Margaery Tyrell-pycelle)(Margaery Tyrell-alla)(Margaery Tyrell-red)(Margaery Tyrell-unella)(Margaery Tyrell-elinor)(Margaery Tyrell-garth)(Margaery Tyrell-kevan)(Margaery Tyrell-sansa)(Margaery Tyrell-cersei)(Margaery Tyrell-blue)(Margaery Tyrell-left)(Margaery Tyrell-paxter)"
"Murenmure","(Murenmure-murenmure)"
"Joss Stilwood","(Joss Stilwood-joss)"
"Shireen Baratheon","(Shireen Baratheon-gilly)(Shireen Baratheon-robert)(Shireen Baratheon-red)(Shireen Baratheon-imry)(Shireen Baratheon-gendry)(Shireen Baratheon-alester)(Shireen Baratheon-black)(Shireen Baratheon-shireen)(Shireen Baratheon-edric)(Shireen Baratheon-cersei)(Shireen Baratheon-left)(Shireen Baratheon-craster)"
"Becca the Baker",""
"Bass","(Bass-bass)"
"Weeper","(Weeper-tormund)(Weeper-harma)(Weeper-weeper)"
"Cersei Frey","(Cersei Frey-big)(Cersei Frey-margaery)(Cersei Frey-joffrey)(Cersei Frey-tyrion)(Cersei Frey-pycelle)(Cersei Frey-robert)(Cersei Frey-red)(Cersei Frey-unella)(Cersei Frey-osfryd)(Cersei Frey-pate)(Cersei Frey-kevan)(Cersei Frey-chataya)(Cersei Frey-sandor)(Cersei Frey-black)(Cersei Frey-sansa)(Cersei Frey-daven)(Cersei Frey-boros)(Cersei Frey-shireen)(Cersei Frey-cersei)(Cersei Frey-osmund)(Cersei Frey-mya)(Cersei Frey-blue)(Cersei Frey-left)(Cersei Frey-walder)(Cersei Frey-janos)(Cersei Frey-wyman)"
"Jared Frey","(Jared Frey-red)(Jared Frey-pate)(Jared Frey-roose)(Jared Frey-tytos)(Jared Frey-blue)(Jared Frey-jared)(Jared Frey-wyman)"
"Rigney",""
"Kevan Lannister","(Kevan Lannister-lymond)(Kevan Lannister-maege)(Kevan Lannister-margaery)(Kevan Lannister-joffrey)(Kevan Lannister-tyrion)(Kevan Lannister-pycelle)(Kevan Lannister-jeyne)(Kevan Lannister-robert)(Kevan Lannister-harys)(Kevan Lannister-galbart)(Kevan Lannister-osfryd)(Kevan Lannister-leo)(Kevan Lannister-kevan)(Kevan Lannister-roose)(Kevan Lannister-tytos)(Kevan Lannister-daven)(Kevan Lannister-boros)(Kevan Lannister-cersei)(Kevan Lannister-paxter)"
"Leobald Tallhart","(Leobald Tallhart-leobald)(Leobald Tallhart-wyman)"
"Clubfoot Karl","(Clubfoot Karl-donnel)(Clubfoot Karl-clubfoot)(Clubfoot Karl-garth)(Clubfoot Karl-lark)(Clubfoot Karl-black)(Clubfoot Karl-left)(Clubfoot Karl-craster)"
"Leo Lefford","(Leo Lefford-harys)(Leo Lefford-leo)(Leo Lefford-kevan)"
"Alysane Mormont","(Alysane Mormont-maege)(Alysane Mormont-asha)(Alysane Mormont-ryman)(Alysane Mormont-red)(Alysane Mormont-galbart)(Alysane Mormont-alysane)(Alysane Mormont-black)"
"Pycelle","(Pycelle-margaery)(Pycelle-joffrey)(Pycelle-tyrion)(Pycelle-pycelle)(Pycelle-sour)(Pycelle-robert)(Pycelle-robin)(Pycelle-harys)(Pycelle-kevan)(Pycelle-timett)(Pycelle-symond)(Pycelle-black)(Pycelle-cersei)"
"Poul Pemford",""
"Orphan Oss","(Orphan Oss-lommy)(Orphan Oss-gendry)(Orphan Oss-orphan)(Orphan Oss-left)"
"Drogo","(Drogo-red)(Drogo-irri)(Drogo-haggo)(Drogo-mirri)(Drogo-drogo)"
"Guyard Morrigen","(Guyard Morrigen-guyard)(Guyard Morrigen-edric)"
"Gynir","(Gynir-gynir)(Gynir-farlen)"
"Lorcas",""
"Maerie (Whore)",""
"Jate Blackberry",""
"Perwyn Frey","(Perwyn Frey-maege)(Perwyn Frey-red)(Perwyn Frey-perwyn)(Perwyn Frey-walder)"
"Ebben","(Ebben-ebben)(Ebben-left)(Ebben-dalbridge)"
"Rolfe",""
"Lewys Piper","(Lewys Piper-lewys)"
"Tormund","(Tormund-tormund)(Tormund-harma)(Tormund-todder)(Tormund-gendry)(Tormund-sandor)(Tormund-black)(Tormund-weeper)(Tormund-dalla)(Tormund-left)(Tormund-morna)"
"Elinor Tyrell","(Elinor Tyrell-joffrey)(Elinor Tyrell-margaery)(Elinor Tyrell-alla)(Elinor Tyrell-elinor)(Elinor Tyrell-paxter)"
"Grubbs",""
"Sylva Santagar",""
"Left Hand Lew","(Left Hand Lew-maege)(Left Hand Lew-tormund)(Left Hand Lew-asha)(Left Hand Lew-dagon)(Left Hand Lew-heward)(Left Hand Lew-margaery)(Left Hand Lew-joffrey)(Left Hand Lew-tyrion)(Left Hand Lew-serra)(Left Hand Lew-wyl)(Left Hand Lew-red)(Left Hand Lew-robert)(Left Hand Lew-lommy)(Left Hand Lew-helman)(Left Hand Lew-tristifer)(Left Hand Lew-harys)(Left Hand Lew-clubfoot)(Left Hand Lew-garth)(Left Hand Lew-pate)(Left Hand Lew-roose)(Left Hand Lew-gendry)(Left Hand Lew-sandor)(Left Hand Lew-marq)(Left Hand Lew-hother)(Left Hand Lew-aenys)(Left Hand Lew-hallis)(Left Hand Lew-vargo)(Left Hand Lew-garin)(Left Hand Lew-black)(Left Hand Lew-tytos)(Left Hand Lew-dalla)(Left Hand Lew-orphan)(Left Hand Lew-sansa)(Left Hand Lew-byam)(Left Hand Lew-alyn)(Left Hand Lew-boros)(Left Hand Lew-shireen)(Left Hand Lew-stalwart)(Left Hand Lew-cersei)(Left Hand Lew-ebben)(Left Hand Lew-blue)(Left Hand Lew-left)(Left Hand Lew-paxter)(Left Hand Lew-rowan)(Left Hand Lew-wyman)(Left Hand Lew-craster)"
"Sansa Stark","(Sansa Stark-big)(Sansa Stark-dick)(Sansa Stark-donnel)(Sansa Stark-margaery)(Sansa Stark-joffrey)(Sansa Stark-tyrion)(Sansa Stark-robert)(Sansa Stark-robin)(Sansa Stark-jeyne)(Sansa Stark-colemon)(Sansa Stark-galbart)(Sansa Stark-osfryd)(Sansa Stark-nan)(Sansa Stark-gendry)(Sansa Stark-sandor)(Sansa Stark-marwyn)(Sansa Stark-sansa)(Sansa Stark-boros)(Sansa Stark-osmund)(Sansa Stark-cersei)(Sansa Stark-mya)(Sansa Stark-blue)(Sansa Stark-walder)(Sansa Stark-masha)(Sansa Stark-left)"
"Rolfe the Dwarf",""
"Janos Slynt","(Janos Slynt-joffrey)(Janos Slynt-tyrion)(Janos Slynt-gilly)(Janos Slynt-robert)(Janos Slynt-barra)(Janos Slynt-alliser)(Janos Slynt-black)(Janos Slynt-cersei)(Janos Slynt-janos)"
"Ulmer","(Ulmer-ulmer)(Ulmer-donnel)(Ulmer-garth)(Ulmer-black)"
"Maris",""
"Serra Frey","(Serra Frey-serra)(Serra Frey-walder)(Serra Frey-left)"
"Tanton Fossoway",""
"Brown Bernarr","(Brown Bernarr-donnel)(Brown Bernarr-asha)(Brown Bernarr-ben)(Brown Bernarr-red)(Brown Bernarr-oznak)(Brown Bernarr-nan)(Brown Bernarr-hallis)(Brown Bernarr-black)(Brown Bernarr-brown)(Brown Bernarr-belwas)"
"Alester Florent","(Alester Florent-ryman)(Alester Florent-red)(Alester Florent-jeyne)(Alester Florent-alester)(Alester Florent-shireen)(Alester Florent-edric)"
"Asha Greyjoy","(Asha Greyjoy-asha)(Asha Greyjoy-red)(Asha Greyjoy-jeyne)(Asha Greyjoy-tristifer)(Asha Greyjoy-alysane)(Asha Greyjoy-black)(Asha Greyjoy-brown)(Asha Greyjoy-clayton)(Asha Greyjoy-left)"
"Osmund Kettleblack","(Osmund Kettleblack-joffrey)(Osmund Kettleblack-tyrion)(Osmund Kettleblack-robert)(Osmund Kettleblack-osfryd)(Osmund Kettleblack-sandor)(Osmund Kettleblack-sansa)(Osmund Kettleblack-boros)(Osmund Kettleblack-cersei)(Osmund Kettleblack-osmund)"
"Matrice",""
"Jhezane",""
"Gylbert Farwynd",""
"Marwyn","(Marwyn-robin)(Marwyn-marwyn)(Marwyn-black)(Marwyn-sansa)"
"Parmen Crane",""
"Werlag",""
"Timett","(Timett-tyrion)(Timett-pycelle)(Timett-timett)(Timett-black)"
"Theomore Lannister","(Theomore Lannister-theomore)"
"Lymond Goodbrook","(Lymond Goodbrook-lymond)(Lymond Goodbrook-maege)(Lymond Goodbrook-galbart)(Lymond Goodbrook-kevan)(Lymond Goodbrook-roose)"
"Tristifer Botley","(Tristifer Botley-asha)(Tristifer Botley-tristifer)(Tristifer Botley-blue)(Tristifer Botley-left)"
"Cuger",""
"Matthar","(Matthar-matthar)"
"Red Rolfe","(Red Rolfe-big)(Red Rolfe-asha)(Red Rolfe-tyrion)(Red Rolfe-red)(Red Rolfe-barra)(Red Rolfe-unella)(Red Rolfe-oppo)(Red Rolfe-pate)(Red Rolfe-nan)(Red Rolfe-sandor)(Red Rolfe-garin)(Red Rolfe-alester)(Red Rolfe-symond)(Red Rolfe-tytos)(Red Rolfe-brown)(Red Rolfe-alyn)(Red Rolfe-daven)(Red Rolfe-shireen)(Red Rolfe-cersei)(Red Rolfe-left)(Red Rolfe-masha)(Red Rolfe-ravella)(Red Rolfe-mirri)(Red Rolfe-maege)(Red Rolfe-raymun)(Red Rolfe-margaery)(Red Rolfe-joffrey)(Red Rolfe-wyl)(Red Rolfe-ryman)(Red Rolfe-sour)(Red Rolfe-robert)(Red Rolfe-jeyne)(Red Rolfe-robin)(Red Rolfe-galbart)(Red Rolfe-alysane)(Red Rolfe-roose)(Red Rolfe-othell)(Red Rolfe-marq)(Red Rolfe-hother)(Red Rolfe-aenys)(Red Rolfe-black)(Red Rolfe-perwyn)(Red Rolfe-boros)(Red Rolfe-blue)(Red Rolfe-anguy)(Red Rolfe-walder)(Red Rolfe-jason)(Red Rolfe-jared)(Red Rolfe-wyman)(Red Rolfe-drogo)"
"Lark","(Lark-donnel)(Lark-tyrion)(Lark-craster)(Lark-joffrey)(Lark-clubfoot)(Lark-lark)"
"Tallad",""
"Vargo Hoat","(Vargo Hoat-shagwell)(Vargo Hoat-left)(Vargo Hoat-roose)(Vargo Hoat-vargo)(Vargo Hoat-black)"
"Luton","(Luton-luton)"
"Harma","(Harma-tormund)(Harma-harma)(Harma-weeper)(Harma-black)(Harma-dalla)(Harma-morna)"
"Clayton Suggs","(Clayton Suggs-asha)(Clayton Suggs-clayton)(Clayton Suggs-jeyne)"
"Joffrey Baratheon","(Joffrey Baratheon-big)(Joffrey Baratheon-dermot)(Joffrey Baratheon-tyrion)(Joffrey Baratheon-pycelle)(Joffrey Baratheon-red)(Joffrey Baratheon-elinor)(Joffrey Baratheon-oppo)(Joffrey Baratheon-kevan)(Joffrey Baratheon-sandor)(Joffrey Baratheon-sansa)(Joffrey Baratheon-cersei)(Joffrey Baratheon-osmund)(Joffrey Baratheon-left)(Joffrey Baratheon-paxter)(Joffrey Baratheon-janos)(Joffrey Baratheon-maege)(Joffrey Baratheon-raymun)(Joffrey Baratheon-joffrey)(Joffrey Baratheon-margaery)(Joffrey Baratheon-sour)(Joffrey Baratheon-alla)(Joffrey Baratheon-robert)(Joffrey Baratheon-osfryd)(Joffrey Baratheon-lark)(Joffrey Baratheon-black)(Joffrey Baratheon-boros)"
"Kennos of Kayce",""
"Chataya","(Chataya-cersei)(Chataya-chataya)"
"Todder","(Todder-tormund)(Todder-todder)(Todder-black)"
"Ben Bones","(Ben Bones-ben)(Ben Bones-oznak)(Ben Bones-brown)(Ben Bones-belwas)(Ben Bones-roose)"
"Theo Frey","(Theo Frey-theo)"
"Lennocks",""
"Othell Yarwyck","(Othell Yarwyck-gilly)(Othell Yarwyck-red)(Othell Yarwyck-craster)(Othell Yarwyck-alliser)(Othell Yarwyck-othell)(Othell Yarwyck-black)"
"Masha Heddle","(Masha Heddle-tyrion)(Masha Heddle-red)(Masha Heddle-sansa)(Masha Heddle-masha)(Masha Heddle-jeyne)"
"Haggo","(Haggo-haggo)(Haggo-mirri)(Haggo-stalwart)(Haggo-drogo)"
"Elmar Frey","(Elmar Frey-elmar)(Elmar Frey-roose)(Elmar Frey-walder)"
"Mya Stone","(Mya Stone-barra)(Mya Stone-sandor)(Mya Stone-sansa)(Mya Stone-edric)(Mya Stone-cersei)(Mya Stone-mya)(Mya Stone-robert)(Mya Stone-gendry)(Mya Stone-walder)"
"Symond Templeton","(Symond Templeton-pycelle)(Symond Templeton-red)(Symond Templeton-benedar)(Symond Templeton-symond)(Symond Templeton-jeyne)(Symond Templeton-robert)(Symond Templeton-roose)(Symond Templeton-aenys)(Symond Templeton-wyman)"
"Helman Tallhart","(Helman Tallhart-left)(Helman Tallhart-helman)(Helman Tallhart-roose)"
"Arron Qorgyle",""
"Gilly","(Gilly-gilly)(Gilly-shireen)(Gilly-hobb)(Gilly-janos)(Gilly-craster)(Gilly-alliser)(Gilly-othell)(Gilly-black)(Gilly-dareon)"
"Torwynd the Tame",""
"Robin Flint","(Robin Flint-tyrion)(Robin Flint-pycelle)(Robin Flint-red)(Robin Flint-marwyn)(Robin Flint-sansa)(Robin Flint-robin)(Robin Flint-robert)(Robin Flint-marq)(Robin Flint-black)"
"Fornio",""
"Barsena","(Barsena-tyrion)(Barsena-barsena)(Barsena-belwas)(Barsena-robert)"
"Little Walder Frey","(Little Walder Frey-gilly)(Little Walder Frey-blane)"
"Stalwart Shield","(Stalwart Shield-haggo)(Stalwart Shield-left)(Stalwart Shield-stalwart)"
"Big Walder Frey","(Big Walder Frey-big)(Big Walder Frey-tyrion)(Big Walder Frey-red)(Big Walder Frey-oppo)(Big Walder Frey-sandor)(Big Walder Frey-sansa)(Big Walder Frey-cersei)(Big Walder Frey-joffrey)(Big Walder Frey-robert)(Big Walder Frey-black)"
"Zei","(Zei-zei)(Zei-black)"
"Colemon","(Colemon-colemon)(Colemon-sansa)(Colemon-robert)"
"Oppo","(Oppo-big)(Oppo-tyrion)(Oppo-red)(Oppo-oppo)(Oppo-joffrey)"
"Gueren","(Gueren-gueren)"
"Draqaz",""
"Jason Mallister","(Jason Mallister-red)(Jason Mallister-pate)(Jason Mallister-tytos)(Jason Mallister-maege)(Jason Mallister-ryman)(Jason Mallister-galbart)(Jason Mallister-black)(Jason Mallister-walder)(Jason Mallister-jason)"
"Tymor",""
"Edric Storm","(Edric Storm-barra)(Edric Storm-sandor)(Edric Storm-alester)(Edric Storm-alyn)(Edric Storm-shireen)(Edric Storm-edric)(Edric Storm-mya)(Edric Storm-raymun)(Edric Storm-guyard)(Edric Storm-robert)(Edric Storm-gendry)"
"Galbart Glover","(Galbart Glover-red)(Galbart Glover-kevan)(Galbart Glover-sansa)(Galbart Glover-maege)(Galbart Glover-lymond)(Galbart Glover-galbart)(Galbart Glover-alysane)(Galbart Glover-roose)(Galbart Glover-jason)"
"Unella","(Unella-red)(Unella-unella)(Unella-cersei)(Unella-margaery)(Unella-robert)(Unella-black)"
"Dagon Codd","(Dagon Codd-left)(Dagon Codd-raymun)(Dagon Codd-dagon)(Dagon Codd-black)"
"Imry Florent","(Imry Florent-tyrion)(Imry Florent-shireen)(Imry Florent-imry)"
"Umar",""
"Mirri Maz Duur","(Mirri Maz Duur-red)(Mirri Maz Duur-haggo)(Mirri Maz Duur-mirri)(Mirri Maz Duur-drogo)"
"Pate (Night's Watch)","(Pate (Night's Watch)-red)(Pate (Night's Watch)-pate)(Pate (Night's Watch)-cersei)(Pate (Night's Watch)-left)(Pate (Night's Watch)-roose)(Pate (Night's Watch)-blue)(Pate (Night's Watch)-jason)(Pate (Night's Watch)-jared)"
"Burton Crakehall","(Burton Crakehall-burton)"
"Hubard Rambton","(Hubard Rambton-hubard)"
"Murch (Winterfell)",""
"Rolly Duckfield",""
"Conn",""
"Blue Bard","(Blue Bard-red)(Blue Bard-pate)(Blue Bard-sansa)(Blue Bard-cersei)(Blue Bard-left)(Blue Bard-margaery)(Blue Bard-tristifer)(Blue Bard-roose)(Blue Bard-blue)(Blue Bard-jared)"
"Morra",""
"Bhakaz zo Loraq",""
"Dick Crabb","(Dick Crabb-dick)(Dick Crabb-sansa)(Dick Crabb-walder)"
"Grazdan","(Grazdan-grazdan)"
"Romny Weaver",""
"Raymun Darry","(Raymun Darry-red)(Raymun Darry-alyn)(Raymun Darry-edric)(Raymun Darry-raymun)(Raymun Darry-dagon)(Raymun Darry-joffrey)(Raymun Darry-robert)(Raymun Darry-marq)(Raymun Darry-black)"
"Morros Slynt",""
"Greydon Goodbrother",""
"Daven Lannister","(Daven Lannister-red)(Daven Lannister-kevan)(Daven Lannister-daven)(Daven Lannister-cersei)(Daven Lannister-ryman)(Daven Lannister-black)(Daven Lannister-walder)"
"Dalla","(Dalla-tormund)(Dalla-harma)(Dalla-left)(Dalla-black)(Dalla-dalla)(Dalla-morna)"
"Tumco Lho",""
"Craster","(Craster-donnel)(Craster-gilly)(Craster-dywen)(Craster-garth)(Craster-shireen)(Craster-left)(Craster-kedge)(Craster-craster)(Craster-clubfoot)(Craster-lark)(Craster-othell)(Craster-black)(Craster-bannen)"
"Quent","(Quent-tyrion)(Quent-hallis)(Quent-quent)"
"Barra","(Barra-tyrion)(Barra-barra)(Barra-red)(Barra-sandor)(Barra-edric)(Barra-mya)(Barra-janos)(Barra-robert)(Barra-gendry)"
"Hobb","(Hobb-gilly)(Hobb-hobb)(Hobb-dareon)"
"Alliser Thorne","(Alliser Thorne-gilly)(Alliser Thorne-janos)(Alliser Thorne-alliser)(Alliser Thorne-othell)(Alliser Thorne-black)"
"Jeyne Westerling","(Jeyne Westerling-asha)(Jeyne Westerling-red)(Jeyne Westerling-kevan)(Jeyne Westerling-alester)(Jeyne Westerling-symond)(Jeyne Westerling-tytos)(Jeyne Westerling-sansa)(Jeyne Westerling-alyn)(Jeyne Westerling-clayton)(Jeyne Westerling-masha)(Jeyne Westerling-jeyne)(Jeyne Westerling-roose)(Jeyne Westerling-aenys)(Jeyne Westerling-walder)(Jeyne Westerling-wyman)"
"Tytos Blackwood","(Tytos Blackwood-red)(Tytos Blackwood-kevan)(Tytos Blackwood-tytos)(Tytos Blackwood-alyn)(Tytos Blackwood-left)(Tytos Blackwood-jeyne)(Tytos Blackwood-jason)(Tytos Blackwood-jared)(Tytos Blackwood-wyman)"
"Tyrion Lannister","(Tyrion Lannister-big)(Tyrion Lannister-eon)(Tyrion Lannister-tyrion)(Tyrion Lannister-pycelle)(Tyrion Lannister-red)(Tyrion Lannister-barra)(Tyrion Lannister-oppo)(Tyrion Lannister-kevan)(Tyrion Lannister-sandor)(Tyrion Lannister-hallis)(Tyrion Lannister-quent)(Tyrion Lannister-sansa)(Tyrion Lannister-cersei)(Tyrion Lannister-osmund)(Tyrion Lannister-masha)(Tyrion Lannister-left)(Tyrion Lannister-janos)(Tyrion Lannister-barsena)(Tyrion Lannister-heward)(Tyrion Lannister-margaery)(Tyrion Lannister-joffrey)(Tyrion Lannister-wyl)(Tyrion Lannister-robert)(Tyrion Lannister-robin)(Tyrion Lannister-osfryd)(Tyrion Lannister-imry)(Tyrion Lannister-lark)(Tyrion Lannister-timett)(Tyrion Lannister-black)(Tyrion Lannister-boros)(Tyrion Lannister-penny)"
"Del","(Del-del)"
"Rhogoro",""
"Shagwell","(Shagwell-shagwell)(Shagwell-vargo)"
"Ossy",""
"Wyl (guard)","(Wyl (guard)-tyrion)(Wyl (guard)-red)(Wyl (guard)-left)(Wyl (guard)-heward)(Wyl (guard)-wyl)"
"Grisel",""
"Byam Flint","(Byam Flint-left)(Byam Flint-byam)"
"Heward","(Heward-tyrion)(Heward-left)(Heward-heward)(Heward-wyl)"
"Hother Umber","(Hother Umber-red)(Hother Umber-left)(Hother Umber-marq)(Hother Umber-hother)"
"Garin (Orphan)","(Garin (Orphan)-red)(Garin (Orphan)-garin)(Garin (Orphan)-left)"
"Sandor Clegane","(Sandor Clegane-big)(Sandor Clegane-tormund)(Sandor Clegane-tyrion)(Sandor Clegane-barra)(Sandor Clegane-red)(Sandor Clegane-sandor)(Sandor Clegane-sansa)(Sandor Clegane-edric)(Sandor Clegane-osmund)(Sandor Clegane-cersei)(Sandor Clegane-mya)(Sandor Clegane-left)(Sandor Clegane-joffrey)(Sandor Clegane-robert)(Sandor Clegane-gendry)(Sandor Clegane-marq)(Sandor Clegane-boros)"
"Lommy","(Lommy-left)(Lommy-lommy)(Lommy-robert)(Lommy-gendry)(Lommy-orphan)"
"Dywen","(Dywen-dywen)(Dywen-craster)"
"Boros Blount","(Boros Blount-tyrion)(Boros Blount-red)(Boros Blount-kevan)(Boros Blount-sandor)(Boros Blount-sansa)(Boros Blount-cersei)(Boros Blount-osmund)(Boros Blount-left)(Boros Blount-joffrey)(Boros Blount-robert)(Boros Blount-boros)"
"Morna White Mask","(Morna White Mask-tormund)(Morna White Mask-harma)(Morna White Mask-black)(Morna White Mask-dalla)(Morna White Mask-morna)"
"Farlen","(Farlen-gynir)(Farlen-farlen)"
"Aenys Frey","(Aenys Frey-red)(Aenys Frey-symond)(Aenys Frey-alyn)(Aenys Frey-left)(Aenys Frey-jeyne)(Aenys Frey-roose)(Aenys Frey-aenys)(Aenys Frey-wyman)"
