"Name","Edge List"
"Garse Goodbrook","(Garse Goodbrook-garse)(Garse Goodbrook-tytos)(Garse Goodbrook-kyra)"
"Marq Piper","(Marq Piper-marq)(Marq Piper-robert)(Marq Piper-sandor)(Marq Piper-robin)(Marq Piper-raymun)(Marq Piper-arya)(Marq Piper-walder)(Marq Piper-will)(Marq Piper-left)(Marq Piper-roose)(Marq Piper-rodrik)"
"Robert Arryn","(Robert Arryn-andar)(Robert Arryn-raymun)(Robert Arryn-jon)(Robert Arryn-gyles)(Robert Arryn-torrhen)(Robert Arryn-barra)(Robert Arryn-robert)(Robert Arryn-robin)(Robert Arryn-irri)(Robert Arryn-arya)(Robert Arryn-osfryd)(Robert Arryn-kevan)(Robert Arryn-taena)(Robert Arryn-roose)(Robert Arryn-richard)(Robert Arryn-marq)(Robert Arryn-preston)(Robert Arryn-yohn)(Robert Arryn-will)(Robert Arryn-jalabhar)(Robert Arryn-boros)(Robert Arryn-alayaya)(Robert Arryn-left)(Robert Arryn-janos)(Robert Arryn-tregar)(Robert Arryn-barsena)(Robert Arryn-endrew)"
"Gevin Harlaw",""
"Tycho Nestoris","(Tycho Nestoris-asha)(Tycho Nestoris-jon)(Tycho Nestoris-arya)(Tycho Nestoris-justin)(Tycho Nestoris-tycho)(Tycho Nestoris-will)(Tycho Nestoris-clayton)"
"Dermot","(Dermot-dermot)"
"Aggo","(Aggo-quaro)(Aggo-jhogo)(Aggo-aggo)(Aggo-mirri)(Aggo-belwas)(Aggo-drogo)"
"Torrhen Karstark","(Torrhen Karstark-torrhen)(Torrhen Karstark-robert)(Torrhen Karstark-robin)(Torrhen Karstark-aegon)(Torrhen Karstark-will)(Torrhen Karstark-tytos)"
"Porridge","(Porridge-porridge)"
"Bryen","(Bryen-bryen)"
"Fogo","(Fogo-fogo)"
"Emmond",""
"Roose Bolton","(Roose Bolton-lymond)(Roose Bolton-asha)(Roose Bolton-jon)(Roose Bolton-robert)(Roose Bolton-mance)(Roose Bolton-arya)(Roose Bolton-justin)(Roose Bolton-kevan)(Roose Bolton-roose)(Roose Bolton-marq)(Roose Bolton-aenys)(Roose Bolton-will)(Roose Bolton-wylis)(Roose Bolton-left)(Roose Bolton-willam)(Roose Bolton-rodrik)"
"Norjen",""
"Cayn",""
"Denys Drumm","(Denys Drumm-jon)(Denys Drumm-gilly)(Denys Drumm-denys)(Denys Drumm-cotter)(Denys Drumm-will)(Denys Drumm-bowen)(Denys Drumm-jason)(Denys Drumm-endrew)"
"Chiggen",""
"Gerren",""
"Godry Farring","(Godry Farring-justin)(Godry Farring-godry)(Godry Farring-richard)"
"Eldred Codd",""
"Stonesnake","(Stonesnake-jon)(Stonesnake-stonesnake)(Stonesnake-left)(Stonesnake-dalbridge)"
"Hod",""
"Penny","(Penny-will)(Penny-penny)"
"Hallis Mollen","(Hallis Mollen-hallis)(Hallis Mollen-quent)(Hallis Mollen-left)(Hallis Mollen-rodrik)"
"Stiv","(Stiv-mance)(Stiv-stiv)"
"Melly",""
"Jarl","(Jarl-jarl)(Jarl-jon)(Jarl-mance)"
"Yohn Royce","(Yohn Royce-andar)(Yohn Royce-jon)(Yohn Royce-robin)(Yohn Royce-robert)(Yohn Royce-marwyn)(Yohn Royce-yohn)(Yohn Royce-will)(Yohn Royce-moon)(Yohn Royce-left)"
"Eggon",""
"Oznak zo Pahl","(Oznak zo Pahl-illyrio)(Oznak zo Pahl-oznak)(Oznak zo Pahl-will)(Oznak zo Pahl-belwas)"
"Sallor","(Sallor-will)(Sallor-mero)(Sallor-sallor)"
"Kyra","(Kyra-myranda)(Kyra-will)(Kyra-tytos)(Kyra-kyra)(Kyra-garse)"
"Ryk","(Ryk-tormund)(Ryk-ryk)(Ryk-jon)(Ryk-harma)(Ryk-styr)(Ryk-mance)(Ryk-varamyr)"
"Squint","(Squint-squint)(Squint-will)"
"Osfryd Kettleblack","(Osfryd Kettleblack-robert)(Osfryd Kettleblack-osfryd)(Osfryd Kettleblack-kevan)(Osfryd Kettleblack-will)(Osfryd Kettleblack-alayaya)"
"Wynton Stout",""
"Quentyn Martell","(Quentyn Martell-quentyn)(Quentyn Martell-aegon)(Quentyn Martell-will)(Quentyn Martell-daemon)"
"Meera Reed","(Meera Reed-jon)(Meera Reed-meera)(Meera Reed-ghost)(Meera Reed-will)(Meera Reed-wylis)(Meera Reed-left)"
"Kedge Whiteye","(Kedge Whiteye-kedge)"
"Belwas","(Belwas-illyrio)(Belwas-oznak)(Belwas-aggo)(Belwas-will)(Belwas-areo)(Belwas-belwas)(Belwas-barsena)"
"Gyles Grafton","(Gyles Grafton-gyles)(Gyles Grafton-robert)(Gyles Grafton-aegon)(Gyles Grafton-walder)(Gyles Grafton-janos)(Gyles Grafton-olyvar)"
"Dalbridge","(Dalbridge-jon)(Dalbridge-stonesnake)(Dalbridge-dalbridge)"
"Esgred",""
"Damon Dance-for-Me","(Damon Dance-for-Me-damon)(Damon Dance-for-Me-willam)(Damon Dance-for-Me-left)"
"Hyle Hunt","(Hyle Hunt-hyle)"
"Lorent Caswell","(Lorent Caswell-lorent)"
"Donella Hornwood","(Donella Hornwood-donella)(Donella Hornwood-arwyn)"
"Irri","(Irri-illyrio)(Irri-robert)(Irri-irri)(Irri-taena)(Irri-will)(Irri-moon)(Irri-drogo)"
"Paxter Redwyne","(Paxter Redwyne-margaery)(Paxter Redwyne-elinor)(Paxter Redwyne-kevan)(Paxter Redwyne-left)(Paxter Redwyne-paxter)"
"Rorge","(Rorge-rorge)(Rorge-shagwell)(Rorge-arya)(Rorge-sandor)"
"Margaery Tyrell","(Margaery Tyrell-margaery)(Margaery Tyrell-pycelle)(Margaery Tyrell-elinor)(Margaery Tyrell-kevan)(Margaery Tyrell-will)(Margaery Tyrell-jalabhar)(Margaery Tyrell-daemon)(Margaery Tyrell-moon)(Margaery Tyrell-blue)(Margaery Tyrell-left)(Margaery Tyrell-paxter)(Margaery Tyrell-olyvar)"
"Justin Massey","(Justin Massey-asha)(Justin Massey-robin)(Justin Massey-justin)(Justin Massey-godry)(Justin Massey-tycho)(Justin Massey-roose)(Justin Massey-richard)(Justin Massey-will)"
"Byron","(Byron-byron)(Byron-aegon)"
"Joss Stilwood","(Joss Stilwood-hugo)(Joss Stilwood-joss)"
"Becca the Baker",""
"Lambert Turnberry","(Lambert Turnberry-lambert)"
"Areo Hotah","(Areo Hotah-obara)(Areo Hotah-will)(Areo Hotah-daemon)(Areo Hotah-areo)(Areo Hotah-belwas)"
"Moon Boy","(Moon Boy-jon)(Moon Boy-margaery)(Moon Boy-pycelle)(Moon Boy-robin)(Moon Boy-irri)(Moon Boy-yohn)(Moon Boy-will)(Moon Boy-moon)(Moon Boy-sybell)"
"Mariya Darry","(Mariya Darry-mariya)"
"Rigney",""
"Kevan Lannister","(Kevan Lannister-lymond)(Kevan Lannister-margaery)(Kevan Lannister-pycelle)(Kevan Lannister-robert)(Kevan Lannister-osfryd)(Kevan Lannister-leo)(Kevan Lannister-kevan)(Kevan Lannister-roose)(Kevan Lannister-will)(Kevan Lannister-tytos)(Kevan Lannister-daven)(Kevan Lannister-boros)(Kevan Lannister-paxter)"
"Anvil Ryn","(Anvil Ryn-anvil)(Anvil Ryn-jon)(Anvil Ryn-styr)(Anvil Ryn-spotted)(Anvil Ryn-mance)(Anvil Ryn-daemon)(Anvil Ryn-left)"
"Illyrio Mopatis","(Illyrio Mopatis-illyrio)(Illyrio Mopatis-irri)(Illyrio Mopatis-arya)(Illyrio Mopatis-oznak)(Illyrio Mopatis-will)(Illyrio Mopatis-left)(Illyrio Mopatis-belwas)(Illyrio Mopatis-drogo)"
"Leo Lefford","(Leo Lefford-leo)(Leo Lefford-kevan)"
"Tytos Frey","(Tytos Frey-lucas)(Tytos Frey-yellow)(Tytos Frey-torrhen)(Tytos Frey-kevan)(Tytos Frey-will)(Tytos Frey-tytos)(Tytos Frey-kyra)(Tytos Frey-garse)(Tytos Frey-walder)(Tytos Frey-left)(Tytos Frey-jason)"
"Will","(Will-dick)(Will-tormund)(Will-asha)(Will-gilly)(Will-pycelle)(Will-selyse)(Will-urswyck)(Will-torrhen)(Will-spotted)(Will-irri)(Will-mance)(Will-meera)(Will-squint)(Will-quentyn)(Will-oznak)(Will-justin)(Will-tim)(Will-kevan)(Will-tycho)(Will-sandor)(Will-falia)(Will-yohn)(Will-alester)(Will-tytos)(Will-jalabhar)(Will-kyra)(Will-kindly)(Will-wylis)(Will-moon)(Will-left)(Will-gladden)(Will-areo)(Will-janos)(Will-mirri)(Will-belwas)(Will-rodrik)(Will-myranda)(Will-adrack)(Will-heward)(Will-jon)(Will-yellow)(Will-margaery)(Will-illyrio)(Will-arson)(Will-robert)(Will-robin)(Will-arya)(Will-osfryd)(Will-dickon)(Will-denys)(Will-obara)(Will-imry)(Will-harrag)(Will-cotter)(Will-ralf)(Will-roose)(Will-othell)(Will-marq)(Will-will)(Will-mero)(Will-dalla)(Will-bowen)(Will-boros)(Will-walder)(Will-sallor)(Will-penny)(Will-sybell)(Will-olyvar)(Will-drogo)"
"Pycelle","(Pycelle-pycelle)(Pycelle-kevan)(Pycelle-moon)(Pycelle-jon)(Pycelle-margaery)(Pycelle-aegon)(Pycelle-will)"
"Varamyr","(Varamyr-tormund)(Varamyr-ryk)(Varamyr-harma)(Varamyr-styr)(Varamyr-mance)(Varamyr-jon)(Varamyr-varamyr)"
"Josmyn Peckledon",""
"Drogo","(Drogo-irri)(Drogo-haggo)(Drogo-jhogo)(Drogo-aggo)(Drogo-mirri)(Drogo-illyrio)(Drogo-quaro)(Drogo-will)(Drogo-cohollo)(Drogo-drogo)"
"Pylos","(Pylos-alester)(Pylos-pylos)"
"Guyard Morrigen","(Guyard Morrigen-guyard)"
"Luco Prestayn",""
"Ghost of High Heart","(Ghost of High Heart-gilly)(Ghost of High Heart-mance)(Ghost of High Heart-meera)(Ghost of High Heart-left)(Ghost of High Heart-jon)(Ghost of High Heart-ghost)(Ghost of High Heart-othell)"
"Gage",""
"Maerie (Whore)",""
"Dickon Manwoody","(Dickon Manwoody-selyse)(Dickon Manwoody-alester)(Dickon Manwoody-dickon)(Dickon Manwoody-imry)(Dickon Manwoody-will)"
"Tormund","(Tormund-tormund)(Tormund-ryk)(Tormund-harma)(Tormund-styr)(Tormund-mance)(Tormund-todder)(Tormund-sandor)(Tormund-richard)(Tormund-left)(Tormund-jon)(Tormund-cotter)(Tormund-will)(Tormund-dalla)(Tormund-varamyr)"
"Elinor Tyrell","(Elinor Tyrell-elinor)(Elinor Tyrell-paxter)(Elinor Tyrell-margaery)"
"Grubbs",""
"Left Hand Lew","(Left Hand Lew-tormund)(Left Hand Lew-asha)(Left Hand Lew-stonesnake)(Left Hand Lew-styr)(Left Hand Lew-mance)(Left Hand Lew-meera)(Left Hand Lew-sandor)(Left Hand Lew-hallis)(Left Hand Lew-yohn)(Left Hand Lew-tytos)(Left Hand Lew-daemon)(Left Hand Lew-kindly)(Left Hand Lew-left)(Left Hand Lew-paxter)(Left Hand Lew-tregar)(Left Hand Lew-rodrik)(Left Hand Lew-damon)(Left Hand Lew-adrack)(Left Hand Lew-anvil)(Left Hand Lew-heward)(Left Hand Lew-jon)(Left Hand Lew-margaery)(Left Hand Lew-illyrio)(Left Hand Lew-robin)(Left Hand Lew-robert)(Left Hand Lew-ghost)(Left Hand Lew-arya)(Left Hand Lew-taena)(Left Hand Lew-roose)(Left Hand Lew-marq)(Left Hand Lew-aenys)(Left Hand Lew-aegon)(Left Hand Lew-will)(Left Hand Lew-dalla)(Left Hand Lew-bowen)(Left Hand Lew-byam)(Left Hand Lew-boros)(Left Hand Lew-blue)(Left Hand Lew-willam)(Left Hand Lew-walder)(Left Hand Lew-sybell)(Left Hand Lew-olyvar)"
"Sylva Santagar",""
"Rodrik Harlaw","(Rodrik Harlaw-asha)(Rodrik Harlaw-hallis)(Rodrik Harlaw-marwyn)(Rodrik Harlaw-left)(Rodrik Harlaw-rodrik)(Rodrik Harlaw-robin)(Rodrik Harlaw-roose)(Rodrik Harlaw-marq)(Rodrik Harlaw-will)(Rodrik Harlaw-bowen)(Rodrik Harlaw-willam)(Rodrik Harlaw-jason)"
"Spotted Cat","(Spotted Cat-styr)(Spotted Cat-spotted)(Spotted Cat-mance)(Spotted Cat-anvil)(Spotted Cat-jon)(Spotted Cat-will)(Spotted Cat-blue)"
"Janos Slynt","(Janos Slynt-gilly)(Janos Slynt-gyles)(Janos Slynt-barra)(Janos Slynt-janos)(Janos Slynt-jon)(Janos Slynt-robert)(Janos Slynt-will)(Janos Slynt-endrew)"
"Ulmer","(Ulmer-donnel)(Ulmer-mance)(Ulmer-ulmer)(Ulmer-jon)"
"Albett",""
"Tanton Fossoway",""
"Andar Royce","(Andar Royce-yohn)(Andar Royce-andar)(Andar Royce-robert)"
"Alester Florent","(Alester Florent-selyse)(Alester Florent-alester)(Alester Florent-pylos)(Alester Florent-dickon)(Alester Florent-khorane)(Alester Florent-will)"
"Asha Greyjoy","(Asha Greyjoy-asha)(Asha Greyjoy-justin)(Asha Greyjoy-tycho)(Asha Greyjoy-clayton)(Asha Greyjoy-left)(Asha Greyjoy-rodrik)(Asha Greyjoy-roose)(Asha Greyjoy-will)"
"Khorane Sathmantes","(Khorane Sathmantes-alester)(Khorane Sathmantes-khorane)"
"Matrice",""
"Jhezane",""
"Gylbert Farwynd",""
"Marwyn","(Marwyn-marwyn)(Marwyn-yohn)(Marwyn-rodrik)(Marwyn-robin)"
"Parmen Crane",""
"Mance Rayder","(Mance Rayder-jarl)(Mance Rayder-tormund)(Mance Rayder-ryk)(Mance Rayder-harma)(Mance Rayder-styr)(Mance Rayder-spotted)(Mance Rayder-mance)(Mance Rayder-alayaya)(Mance Rayder-left)(Mance Rayder-ulmer)(Mance Rayder-anvil)(Mance Rayder-jon)(Mance Rayder-yellow)(Mance Rayder-ghost)(Mance Rayder-arya)(Mance Rayder-cotter)(Mance Rayder-roose)(Mance Rayder-othell)(Mance Rayder-will)(Mance Rayder-dalla)(Mance Rayder-varamyr)(Mance Rayder-walder)(Mance Rayder-stiv)"
"Moreo Tumitis",""
"Dancy",""
"Pia","(Pia-pia)"
"Jeren",""
"Lucas Codd","(Lucas Codd-lucas)(Lucas Codd-tytos)(Lucas Codd-walder)(Lucas Codd-wendel)"
"Meribald","(Meribald-meribald)"
"Kindly man","(Kindly man-kindly)(Kindly man-left)(Kindly man-arya)(Kindly man-will)"
"Jhogo","(Jhogo-jhogo)(Jhogo-aggo)(Jhogo-drogo)"
"Corliss Penny",""
"Lymond Goodbrook","(Lymond Goodbrook-kevan)(Lymond Goodbrook-lymond)(Lymond Goodbrook-roose)"
"Hugo Vance","(Hugo Vance-hugo)(Hugo Vance-joss)(Hugo Vance-arya)"
"Falia Flowers","(Falia Flowers-falia)(Falia Flowers-will)"
"Sybell Spicer","(Sybell Spicer-moon)(Sybell Spicer-left)(Sybell Spicer-will)(Sybell Spicer-walder)(Sybell Spicer-sybell)"
"Arson","(Arson-arson)(Arson-will)"
"Olyvar Frey","(Olyvar Frey-gyles)(Olyvar Frey-left)(Olyvar Frey-margaery)(Olyvar Frey-arya)(Olyvar Frey-aegon)(Olyvar Frey-will)(Olyvar Frey-blue)(Olyvar Frey-walder)(Olyvar Frey-olyvar)"
"Preston Greenfield","(Preston Greenfield-sandor)(Preston Greenfield-preston)(Preston Greenfield-robert)(Preston Greenfield-boros)"
"Endrew Tarth","(Endrew Tarth-janos)(Endrew Tarth-jon)(Endrew Tarth-robert)(Endrew Tarth-denys)(Endrew Tarth-bowen)(Endrew Tarth-endrew)"
"Lewis Lanster","(Lewis Lanster-robin)(Lewis Lanster-lewis)"
"Hareth (Mole's Town)","(Hareth (Mole's Town)-zei)(Hareth (Mole's Town)-jon)(Hareth (Mole's Town)-hareth)(Hareth (Mole's Town)-blue)"
"Arwyn Frey","(Arwyn Frey-donella)(Arwyn Frey-arwyn)"
"Harma","(Harma-tormund)(Harma-ryk)(Harma-harma)(Harma-styr)(Harma-mance)(Harma-jon)(Harma-dalla)(Harma-varamyr)"
"Clayton Suggs","(Clayton Suggs-asha)(Clayton Suggs-tycho)(Clayton Suggs-clayton)"
"Kennos of Kayce",""
"Jothos Slynt",""
"Chataya","(Chataya-chataya)"
"Quaro","(Quaro-aggo)(Quaro-mirri)(Quaro-quaro)(Quaro-drogo)"
"Todder","(Todder-tormund)(Todder-todder)(Todder-jon)"
"Jalabhar Xho","(Jalabhar Xho-jalabhar)(Jalabhar Xho-margaery)(Jalabhar Xho-robert)(Jalabhar Xho-will)"
"Othell Yarwyck","(Othell Yarwyck-mance)(Othell Yarwyck-jon)(Othell Yarwyck-ghost)(Othell Yarwyck-othell)(Othell Yarwyck-will)(Othell Yarwyck-bowen)"
"Lennocks",""
"Taena of Myr","(Taena of Myr-irri)(Taena of Myr-left)(Taena of Myr-jon)(Taena of Myr-robert)(Taena of Myr-taena)"
"Ralf Stonehouse","(Ralf Stonehouse-adrack)(Ralf Stonehouse-ralf)(Ralf Stonehouse-will)"
"Selyse Florent","(Selyse Florent-selyse)(Selyse Florent-alester)(Selyse Florent-jon)(Selyse Florent-dickon)(Selyse Florent-imry)(Selyse Florent-aegon)(Selyse Florent-will)"
"Haggo","(Haggo-haggo)(Haggo-mirri)(Haggo-cohollo)(Haggo-drogo)"
"Jodge",""
"Erreck",""
"Tim Tangletongue","(Tim Tangletongue-tim)(Tim Tangletongue-will)"
"Gilly","(Gilly-gilly)(Gilly-janos)(Gilly-jon)(Gilly-ghost)(Gilly-denys)(Gilly-will)"
"Wendel Manderly","(Wendel Manderly-lucas)(Wendel Manderly-wylis)(Wendel Manderly-jon)(Wendel Manderly-walder)(Wendel Manderly-wendel)"
"Robin Flint","(Robin Flint-torrhen)(Robin Flint-justin)(Robin Flint-marwyn)(Robin Flint-yohn)(Robin Flint-moon)(Robin Flint-left)(Robin Flint-rodrik)(Robin Flint-jon)(Robin Flint-robin)(Robin Flint-robert)(Robin Flint-marq)(Robin Flint-will)(Robin Flint-lewis)"
"Yellow Dick","(Yellow Dick-mance)(Yellow Dick-tytos)(Yellow Dick-yellow)(Yellow Dick-arya)(Yellow Dick-will)"
"Barsena","(Barsena-barsena)(Barsena-belwas)(Barsena-robert)"
"Little Walder Frey","(Little Walder Frey-gilly)(Little Walder Frey-jalabhar)(Little Walder Frey-margaery)(Little Walder Frey-will)"
"Zei","(Zei-zei)(Zei-jon)(Zei-hareth)"
"Duram Bar Emmon",""
"Bowen Marsh","(Bowen Marsh-left)(Bowen Marsh-rodrik)(Bowen Marsh-jon)(Bowen Marsh-denys)(Bowen Marsh-othell)(Bowen Marsh-will)(Bowen Marsh-bowen)(Bowen Marsh-endrew)"
"Mero","(Mero-will)(Mero-mero)(Mero-sallor)"
"Jason Mallister","(Jason Mallister-tytos)(Jason Mallister-rodrik)(Jason Mallister-denys)(Jason Mallister-walder)(Jason Mallister-jason)"
"Jon Snow","(Jon Snow-jarl)(Jon Snow-dick)(Jon Snow-tormund)(Jon Snow-ryk)(Jon Snow-harma)(Jon Snow-stonesnake)(Jon Snow-gilly)(Jon Snow-styr)(Jon Snow-pycelle)(Jon Snow-selyse)(Jon Snow-spotted)(Jon Snow-barra)(Jon Snow-mance)(Jon Snow-meera)(Jon Snow-todder)(Jon Snow-tycho)(Jon Snow-zei)(Jon Snow-richard)(Jon Snow-yohn)(Jon Snow-wylis)(Jon Snow-moon)(Jon Snow-left)(Jon Snow-janos)(Jon Snow-dalbridge)(Jon Snow-ulmer)(Jon Snow-anvil)(Jon Snow-jon)(Jon Snow-robin)(Jon Snow-robert)(Jon Snow-ghost)(Jon Snow-arya)(Jon Snow-denys)(Jon Snow-harrag)(Jon Snow-cotter)(Jon Snow-taena)(Jon Snow-roose)(Jon Snow-othell)(Jon Snow-hareth)(Jon Snow-aegon)(Jon Snow-will)(Jon Snow-dalla)(Jon Snow-bowen)(Jon Snow-blue)(Jon Snow-varamyr)(Jon Snow-walder)(Jon Snow-wendel)(Jon Snow-endrew)"
"Imry Florent","(Imry Florent-selyse)(Imry Florent-dickon)(Imry Florent-imry)(Imry Florent-will)"
"Cotter Pyke","(Cotter Pyke-tormund)(Cotter Pyke-mance)(Cotter Pyke-jon)(Cotter Pyke-denys)(Cotter Pyke-cotter)(Cotter Pyke-will)"
"Tregar","(Tregar-left)(Tregar-tregar)(Tregar-robert)"
"Cohollo","(Cohollo-haggo)(Cohollo-mirri)(Cohollo-cohollo)(Cohollo-drogo)"
"Mirri Maz Duur","(Mirri Maz Duur-haggo)(Mirri Maz Duur-aggo)(Mirri Maz Duur-mirri)(Mirri Maz Duur-quaro)(Mirri Maz Duur-will)(Mirri Maz Duur-cohollo)(Mirri Maz Duur-drogo)"
"Frenya",""
"Burton Crakehall","(Burton Crakehall-burton)"
"Alayaya","(Alayaya-mance)(Alayaya-alayaya)(Alayaya-robert)(Alayaya-osfryd)"
"Obara Sand","(Obara Sand-daemon)(Obara Sand-areo)(Obara Sand-obara)(Obara Sand-will)"
"Daemon Sand","(Daemon Sand-quentyn)(Daemon Sand-daemon)(Daemon Sand-left)(Daemon Sand-areo)(Daemon Sand-anvil)(Daemon Sand-margaery)(Daemon Sand-obara)(Daemon Sand-aegon)"
"Qezza",""
"Ambrode",""
"Aegon Frey (Jinglebell)","(Aegon Frey (Jinglebell)-byron)(Aegon Frey (Jinglebell)-gyles)(Aegon Frey (Jinglebell)-pycelle)(Aegon Frey (Jinglebell)-selyse)(Aegon Frey (Jinglebell)-torrhen)(Aegon Frey (Jinglebell)-quentyn)(Aegon Frey (Jinglebell)-daemon)(Aegon Frey (Jinglebell)-left)(Aegon Frey (Jinglebell)-jon)(Aegon Frey (Jinglebell)-aenys)(Aegon Frey (Jinglebell)-aegon)(Aegon Frey (Jinglebell)-walder)(Aegon Frey (Jinglebell)-olyvar)"
"Rolly Duckfield",""
"Conn",""
"Blue Bard","(Blue Bard-spotted)(Blue Bard-left)(Blue Bard-jon)(Blue Bard-margaery)(Blue Bard-hareth)(Blue Bard-blue)(Blue Bard-olyvar)"
"Morra",""
"Dick Crabb","(Dick Crabb-dick)(Dick Crabb-jon)(Dick Crabb-will)(Dick Crabb-walder)"
"Styr","(Styr-tormund)(Styr-ryk)(Styr-harma)(Styr-styr)(Styr-spotted)(Styr-mance)(Styr-left)(Styr-anvil)(Styr-jon)(Styr-varamyr)"
"Raymun Darry","(Raymun Darry-gladden)(Raymun Darry-raymun)(Raymun Darry-robert)(Raymun Darry-arya)(Raymun Darry-marq)(Raymun Darry-willam)"
"Donnel Locke","(Donnel Locke-donnel)(Donnel Locke-ulmer)"
"Whalen Frey","(Whalen Frey-whalen)(Whalen Frey-walder)"
"Dalla","(Dalla-tormund)(Dalla-harma)(Dalla-mance)(Dalla-left)(Dalla-jon)(Dalla-will)(Dalla-dalla)"
"Daven Lannister","(Daven Lannister-kevan)(Daven Lannister-daven)(Daven Lannister-walder)"
"Robin Ryger","(Robin Ryger-torrhen)(Robin Ryger-justin)(Robin Ryger-marwyn)(Robin Ryger-yohn)(Robin Ryger-moon)(Robin Ryger-left)(Robin Ryger-rodrik)(Robin Ryger-jon)(Robin Ryger-robin)(Robin Ryger-robert)(Robin Ryger-marq)(Robin Ryger-will)(Robin Ryger-lewis)"
"Quent","(Quent-hallis)(Quent-quent)"
"Richard Horpe","(Richard Horpe-tormund)(Richard Horpe-justin)(Richard Horpe-godry)(Richard Horpe-richard)(Richard Horpe-jon)(Richard Horpe-robert)"
"Barra","(Barra-barra)(Barra-janos)(Barra-jon)(Barra-robert)"
"Harrag Sharp","(Harrag Sharp-jon)(Harrag Sharp-harrag)(Harrag Sharp-will)"
"Willam Wells","(Willam Wells-left)(Willam Wells-rodrik)(Willam Wells-damon)(Willam Wells-raymun)(Willam Wells-roose)(Willam Wells-willam)"
"Tytos Blackwood","(Tytos Blackwood-lucas)(Tytos Blackwood-torrhen)(Tytos Blackwood-kevan)(Tytos Blackwood-tytos)(Tytos Blackwood-kyra)(Tytos Blackwood-left)(Tytos Blackwood-yellow)(Tytos Blackwood-will)(Tytos Blackwood-garse)(Tytos Blackwood-walder)(Tytos Blackwood-jason)"
"Wayn (guard)",""
"Del","(Del-del)"
"Rhogoro",""
"Adrack Humble","(Adrack Humble-left)(Adrack Humble-adrack)(Adrack Humble-ralf)(Adrack Humble-will)"
"Bennet","(Bennet-bennet)"
"Shagwell","(Shagwell-rorge)(Shagwell-urswyck)(Shagwell-shagwell)(Shagwell-arya)"
"Urswyck","(Urswyck-urswyck)(Urswyck-shagwell)(Urswyck-will)"
"Donyse",""
"Qyle","(Qyle-qyle)"
"Arya Stark","(Arya Stark-hugo)(Arya Stark-rorge)(Arya Stark-mance)(Arya Stark-shagwell)(Arya Stark-tycho)(Arya Stark-sandor)(Arya Stark-kindly)(Arya Stark-left)(Arya Stark-raymun)(Arya Stark-yellow)(Arya Stark-jon)(Arya Stark-illyrio)(Arya Stark-robert)(Arya Stark-arya)(Arya Stark-roose)(Arya Stark-marq)(Arya Stark-aenys)(Arya Stark-will)(Arya Stark-walder)(Arya Stark-olyvar)"
"Grisel",""
"Wylis Manderly","(Wylis Manderly-meera)(Wylis Manderly-wylis)(Wylis Manderly-jon)(Wylis Manderly-roose)(Wylis Manderly-will)(Wylis Manderly-wendel)"
"Byam Flint","(Byam Flint-left)(Byam Flint-byam)"
"Heward","(Heward-left)(Heward-heward)(Heward-will)"
"Myranda Royce","(Myranda Royce-kyra)(Myranda Royce-myranda)(Myranda Royce-will)"
"Gladden Wylde","(Gladden Wylde-gladden)(Gladden Wylde-raymun)(Gladden Wylde-will)"
"Sandor Clegane","(Sandor Clegane-tormund)(Sandor Clegane-rorge)(Sandor Clegane-sandor)(Sandor Clegane-preston)(Sandor Clegane-left)(Sandor Clegane-arya)(Sandor Clegane-marq)(Sandor Clegane-will)(Sandor Clegane-boros)"
"Andrey Dalt",""
"Ballabar","(Ballabar-ballabar)(Ballabar-boros)"
"Boros Blount","(Boros Blount-kevan)(Boros Blount-sandor)(Boros Blount-preston)(Boros Blount-left)(Boros Blount-ballabar)(Boros Blount-robert)(Boros Blount-will)(Boros Blount-boros)"
"Xhondo",""
"Aenys Frey","(Aenys Frey-left)(Aenys Frey-arya)(Aenys Frey-roose)(Aenys Frey-aenys)(Aenys Frey-aegon)"
