"Name","Edge List"
"Marlon Manderly","(Marlon Manderly-red)(Marlon Manderly-small)(Marlon Manderly-marlon)(Marlon Manderly-petyr)(Marlon Manderly-will)(Marlon Manderly-black)(Marlon Manderly-tycho)"
"Garse Goodbrook","(Garse Goodbrook-garse)(Garse Goodbrook-tytos)(Garse Goodbrook-jared)(Garse Goodbrook-kyra)"
"Tycho Nestoris","(Tycho Nestoris-red)(Tycho Nestoris-marlon)(Tycho Nestoris-cersei)(Tycho Nestoris-arya)(Tycho Nestoris-mace)(Tycho Nestoris-will)(Tycho Nestoris-black)(Tycho Nestoris-jon)(Tycho Nestoris-tycho)"
"Porridge","(Porridge-porridge)"
"Bryen","(Bryen-bryen)"
"Patrek of King's Mountain","(Patrek of King's Mountain-red)(Patrek of King's Mountain-maege)(Patrek of King's Mountain-alliser)(Patrek of King's Mountain-galbart)(Patrek of King's Mountain-edmure)(Patrek of King's Mountain-eddard)(Patrek of King's Mountain-black)(Patrek of King's Mountain-jason)(Patrek of King's Mountain-jon)(Patrek of King's Mountain-patrek)(Patrek of King's Mountain-ryman)(Patrek of King's Mountain-ramsay)"
"Benedar Belmore","(Benedar Belmore-benedar)(Benedar Belmore-symond)"
"Chiggen",""
"Meldred Merlyn","(Meldred Merlyn-meldred)"
"Godry Farring","(Godry Farring-godry)"
"Eldred Codd",""
"Hod",""
"Hallis Mollen","(Hallis Mollen-hallis)(Hallis Mollen-eddard)(Hallis Mollen-quent)(Hallis Mollen-tyrion)(Hallis Mollen-brienne)(Hallis Mollen-brown)"
"Black Bernarr","(Black Bernarr-tormund)(Black Bernarr-eddard)(Black Bernarr-jon)(Black Bernarr-joffrey)(Black Bernarr-tyrion)(Black Bernarr-styr)(Black Bernarr-ryman)(Black Bernarr-ygritte)(Black Bernarr-brynden)(Black Bernarr-red)(Black Bernarr-ghost)(Black Bernarr-alliser)(Black Bernarr-arya)(Black Bernarr-maric)(Black Bernarr-clubfoot)(Black Bernarr-todder)(Black Bernarr-quentyn)(Black Bernarr-cotter)(Black Bernarr-steffon)(Black Bernarr-tycho)(Black Bernarr-zei)(Black Bernarr-ramsay)(Black Bernarr-petyr)(Black Bernarr-marlon)(Black Bernarr-marwyn)(Black Bernarr-hareth)(Black Bernarr-aegon)(Black Bernarr-will)(Black Bernarr-black)(Black Bernarr-dalla)(Black Bernarr-brown)(Black Bernarr-daemon)(Black Bernarr-edmure)(Black Bernarr-jason)(Black Bernarr-janos)(Black Bernarr-wendel)(Black Bernarr-stiv)(Black Bernarr-patrek)(Black Bernarr-belwas)"
"Mohor",""
"Stiv","(Stiv-tyrion)(Stiv-black)(Stiv-stiv)"
"Walton","(Walton-brienne)(Walton-walton)"
"Thistle",""
"Maege Mormont","(Maege Mormont-maege)(Maege Mormont-lymond)(Maege Mormont-eddard)(Maege Mormont-joffrey)(Maege Mormont-ryman)(Maege Mormont-brynden)(Maege Mormont-red)(Maege Mormont-galbart)(Maege Mormont-will)(Maege Mormont-benfrey)(Maege Mormont-jason)(Maege Mormont-patrek)(Maege Mormont-roland)"
"Brienne of Tarth","(Brienne of Tarth-tormund)(Brienne of Tarth-eddard)(Brienne of Tarth-joffrey)(Brienne of Tarth-urswyck)(Brienne of Tarth-brynden)(Brienne of Tarth-shagwell)(Brienne of Tarth-arya)(Brienne of Tarth-brienne)(Brienne of Tarth-qyburn)(Brienne of Tarth-sandor)(Brienne of Tarth-petyr)(Brienne of Tarth-hallis)(Brienne of Tarth-cleos)(Brienne of Tarth-will)(Brienne of Tarth-walton)(Brienne of Tarth-olenna)(Brienne of Tarth-edmure)(Brienne of Tarth-hyle)"
"Koss",""
"Sour Alyn","(Sour Alyn-small)(Sour Alyn-joffrey)(Sour Alyn-sour)(Sour Alyn-red)(Sour Alyn-arya)(Sour Alyn-ramsay)(Sour Alyn-will)(Sour Alyn-olenna)"
"Kurz","(Kurz-kurz)(Kurz-arya)"
"Goghor",""
"Ryman Frey","(Ryman Frey-maege)(Ryman Frey-jon)(Ryman Frey-ryman)(Ryman Frey-brynden)(Ryman Frey-red)(Ryman Frey-petyr)(Ryman Frey-will)(Ryman Frey-alester)(Ryman Frey-black)(Ryman Frey-benfrey)(Ryman Frey-edmure)(Ryman Frey-jason)(Ryman Frey-patrek)(Ryman Frey-olyvar)"
"Humfrey Swyft","(Humfrey Swyft-donnel)(Humfrey Swyft-humfrey)"
"Ogo",""
"Kyra","(Kyra-ramsay)(Kyra-tytos)(Kyra-kyra)(Kyra-garse)(Kyra-jared)"
"Pate (novice)","(Pate (novice)-red)(Pate (novice)-pate)(Pate (novice)-aegon)(Pate (novice)-will)(Pate (novice)-wylis)(Pate (novice)-cersei)(Pate (novice)-jason)(Pate (novice)-jared)"
"Hop-Robin",""
"Sarra Frey","(Sarra Frey-sarra)(Sarra Frey-will)(Sarra Frey-edmure)"
"Rowan","(Rowan-small)(Rowan-mace)(Rowan-cersei)(Rowan-paxter)(Rowan-rowan)(Rowan-mathis)"
"Osfryd Kettleblack","(Osfryd Kettleblack-joffrey)(Osfryd Kettleblack-tyrion)(Osfryd Kettleblack-osfryd)(Osfryd Kettleblack-will)(Osfryd Kettleblack-alayaya)(Osfryd Kettleblack-cersei)"
"Donnel Haigh","(Donnel Haigh-small)(Donnel Haigh-donnel)(Donnel Haigh-brynden)(Donnel Haigh-clubfoot)(Donnel Haigh-humfrey)(Donnel Haigh-petyr)(Donnel Haigh-will)(Donnel Haigh-brown)(Donnel Haigh-roland)"
"Kenned",""
"Quentyn Martell","(Quentyn Martell-quentyn)(Quentyn Martell-aegon)(Quentyn Martell-will)(Quentyn Martell-black)(Quentyn Martell-daemon)(Quentyn Martell-skahaz)"
"Jon Connington","(Jon Connington-small)(Jon Connington-dick)(Jon Connington-tormund)(Jon Connington-eon)(Jon Connington-eddard)(Jon Connington-jon)(Jon Connington-tyrion)(Jon Connington-styr)(Jon Connington-ryman)(Jon Connington-ygritte)(Jon Connington-brynden)(Jon Connington-barra)(Jon Connington-robin)(Jon Connington-ghost)(Jon Connington-alliser)(Jon Connington-galbart)(Jon Connington-arya)(Jon Connington-todder)(Jon Connington-cotter)(Jon Connington-tycho)(Jon Connington-zei)(Jon Connington-ramsay)(Jon Connington-petyr)(Jon Connington-hother)(Jon Connington-hareth)(Jon Connington-aegon)(Jon Connington-will)(Jon Connington-symond)(Jon Connington-black)(Jon Connington-dalla)(Jon Connington-bowen)(Jon Connington-wylis)(Jon Connington-ebben)(Jon Connington-melisandre)(Jon Connington-edmure)(Jon Connington-dalbridge)(Jon Connington-janos)(Jon Connington-wendel)(Jon Connington-patrek)(Jon Connington-ronnel)"
"Alla Tyrell","(Alla Tyrell-joffrey)(Alla Tyrell-alla)(Alla Tyrell-olenna)(Alla Tyrell-paxter)"
"Goady",""
"Belwas","(Belwas-illyrio)(Belwas-will)(Belwas-black)(Belwas-brown)(Belwas-belwas)"
"Dalbridge","(Dalbridge-jon)(Dalbridge-ebben)(Dalbridge-dalbridge)"
"Esgred",""
"Hyle Hunt","(Hyle Hunt-brienne)(Hyle Hunt-hyle)"
"Ragnor Pyke",""
"Paxter Redwyne","(Paxter Redwyne-small)(Paxter Redwyne-mace)(Paxter Redwyne-joffrey)(Paxter Redwyne-alla)(Paxter Redwyne-olenna)(Paxter Redwyne-paxter)(Paxter Redwyne-rowan)(Paxter Redwyne-mathis)"
"Jaggot",""
"Eon Hunter","(Eon Hunter-eon)(Eon Hunter-jon)(Eon Hunter-tyrion)"
"Murenmure","(Murenmure-murenmure)"
"Lambert Turnberry","(Lambert Turnberry-lambert)"
"Bass","(Bass-bass)"
"Mace Tyrell","(Mace Tyrell-small)(Mace Tyrell-mace)(Mace Tyrell-roger)(Mace Tyrell-red)(Mace Tyrell-alerie)(Mace Tyrell-arya)(Mace Tyrell-tycho)(Mace Tyrell-will)(Mace Tyrell-olenna)(Mace Tyrell-cersei)(Mace Tyrell-paxter)(Mace Tyrell-rowan)(Mace Tyrell-mathis)"
"Cersei Frey","(Cersei Frey-small)(Cersei Frey-andar)(Cersei Frey-mace)(Cersei Frey-eddard)(Cersei Frey-joffrey)(Cersei Frey-tyrion)(Cersei Frey-shae)(Cersei Frey-red)(Cersei Frey-barra)(Cersei Frey-arya)(Cersei Frey-osfryd)(Cersei Frey-pate)(Cersei Frey-dickon)(Cersei Frey-qyburn)(Cersei Frey-tycho)(Cersei Frey-chataya)(Cersei Frey-petyr)(Cersei Frey-will)(Cersei Frey-jalabhar)(Cersei Frey-symon)(Cersei Frey-daemon)(Cersei Frey-boros)(Cersei Frey-alayaya)(Cersei Frey-wylis)(Cersei Frey-olenna)(Cersei Frey-cersei)(Cersei Frey-janos)(Cersei Frey-rowan)(Cersei Frey-olyvar)(Cersei Frey-mathis)"
"Jared Frey","(Jared Frey-red)(Jared Frey-pate)(Jared Frey-tytos)(Jared Frey-kyra)(Jared Frey-wylis)(Jared Frey-garse)(Jared Frey-wendel)(Jared Frey-jared)"
"Mariya Darry","(Mariya Darry-mariya)(Mariya Darry-walda)"
"Rigney",""
"Clubfoot Karl","(Clubfoot Karl-small)(Clubfoot Karl-donnel)(Clubfoot Karl-clubfoot)(Clubfoot Karl-aegon)(Clubfoot Karl-will)(Clubfoot Karl-black)(Clubfoot Karl-daemon)"
"Endehar",""
"Illyrio Mopatis","(Illyrio Mopatis-illyrio)(Illyrio Mopatis-red)(Illyrio Mopatis-doreah)(Illyrio Mopatis-will)(Illyrio Mopatis-belwas)(Illyrio Mopatis-drogo)"
"Leo Lefford","(Leo Lefford-leo)"
"Gerald Gower","(Gerald Gower-gerald)"
"Walda Rivers (daughter of Aemon)","(Walda Rivers (daughter of Aemon)-red)(Walda Rivers (daughter of Aemon)-mariya)(Walda Rivers (daughter of Aemon)-ramsay)(Walda Rivers (daughter of Aemon)-walda)(Walda Rivers (daughter of Aemon)-wendel)"
"Aethan",""
"Will","(Will-small)(Will-dick)(Will-tormund)(Will-donnel)(Will-eddard)(Will-tyrion)(Will-shae)(Will-ygritte)(Will-urswyck)(Will-brynden)(Will-red)(Will-barra)(Will-sarra)(Will-colemon)(Will-pate)(Will-quentyn)(Will-grazdan)(Will-tim)(Will-brienne)(Will-tycho)(Will-ramsay)(Will-sandor)(Will-marlon)(Will-petyr)(Will-falia)(Will-alester)(Will-tytos)(Will-jalabhar)(Will-brown)(Will-wylis)(Will-cersei)(Will-skahaz)(Will-janos)(Will-belwas)(Will-mathis)(Will-maege)(Will-mace)(Will-adrack)(Will-jon)(Will-joffrey)(Will-illyrio)(Will-ryman)(Will-sour)(Will-arson)(Will-mago)(Will-robin)(Will-alliser)(Will-ghost)(Will-doreah)(Will-galbart)(Will-arya)(Will-osfryd)(Will-clubfoot)(Will-dickon)(Will-obara)(Will-imry)(Will-cotter)(Will-qyburn)(Will-ralf)(Will-yurkhaz)(Will-will)(Will-mord)(Will-black)(Will-dalla)(Will-bowen)(Will-wat)(Will-boros)(Will-olenna)(Will-edmure)(Will-sybell)(Will-olyvar)(Will-drogo)"
"Wat (sailor)","(Wat (sailor)-will)(Wat (sailor)-wat)"
"Drogo","(Drogo-red)(Drogo-jhogo)(Drogo-illyrio)(Drogo-mago)(Drogo-doreah)(Drogo-will)(Drogo-jason)(Drogo-drogo)"
"Melisandre","(Melisandre-red)(Melisandre-jon)(Melisandre-ghost)(Melisandre-melisandre)"
"Guyard Morrigen","(Guyard Morrigen-guyard)"
"Luco Prestayn",""
"Ghost of High Heart","(Ghost of High Heart-tyrion)(Ghost of High Heart-red)(Ghost of High Heart-janos)(Ghost of High Heart-jon)(Ghost of High Heart-ghost)(Ghost of High Heart-alliser)(Ghost of High Heart-will)(Ghost of High Heart-black)(Ghost of High Heart-melisandre)"
"Lorcas",""
"Ygritte","(Ygritte-tormund)(Ygritte-styr)(Ygritte-ygritte)(Ygritte-jon)(Ygritte-will)(Ygritte-black)(Ygritte-ebben)"
"Maerie (Whore)",""
"Dunsen","(Dunsen-arya)(Dunsen-dunsen)"
"Jate Blackberry",""
"Dickon Manwoody","(Dickon Manwoody-alester)(Dickon Manwoody-cersei)(Dickon Manwoody-alliser)(Dickon Manwoody-dickon)(Dickon Manwoody-imry)(Dickon Manwoody-will)(Dickon Manwoody-olenna)"
"Ebben","(Ebben-ygritte)(Ebben-dalbridge)(Ebben-jon)(Ebben-ebben)"
"Lewys Piper","(Lewys Piper-lewys)"
"Tormund","(Tormund-tormund)(Tormund-styr)(Tormund-ygritte)(Tormund-todder)(Tormund-brienne)(Tormund-sandor)(Tormund-jon)(Tormund-cotter)(Tormund-will)(Tormund-black)(Tormund-dalla)"
"Yurkhaz zo Yunzak","(Yurkhaz zo Yunzak-tyrion)(Yurkhaz zo Yunzak-grazdan)(Yurkhaz zo Yunzak-brown)(Yurkhaz zo Yunzak-yurkhaz)(Yurkhaz zo Yunzak-will)"
"Grubbs",""
"Doreah","(Doreah-red)(Doreah-jhogo)(Doreah-illyrio)(Doreah-mago)(Doreah-doreah)(Doreah-will)(Doreah-jason)(Doreah-drogo)"
"Janos Slynt","(Janos Slynt-small)(Janos Slynt-eddard)(Janos Slynt-tyrion)(Janos Slynt-barra)(Janos Slynt-red)(Janos Slynt-petyr)(Janos Slynt-cersei)(Janos Slynt-janos)(Janos Slynt-jon)(Janos Slynt-joffrey)(Janos Slynt-ghost)(Janos Slynt-alliser)(Janos Slynt-will)(Janos Slynt-black)(Janos Slynt-aron)"
"Albett",""
"Brown Bernarr","(Brown Bernarr-donnel)(Brown Bernarr-brynden)(Brown Bernarr-red)(Brown Bernarr-vayon)(Brown Bernarr-hallis)(Brown Bernarr-brown)(Brown Bernarr-belwas)(Brown Bernarr-yurkhaz)(Brown Bernarr-will)(Brown Bernarr-black)(Brown Bernarr-sybell)"
"Tanton Fossoway",""
"Andar Royce","(Andar Royce-cersei)(Andar Royce-andar)"
"Alester Florent","(Alester Florent-red)(Alester Florent-alester)(Alester Florent-ryman)(Alester Florent-dickon)(Alester Florent-khorane)(Alester Florent-will)"
"Khorane Sathmantes","(Khorane Sathmantes-alester)(Khorane Sathmantes-khorane)"
"Gylbert Farwynd",""
"Jhezane",""
"Myria Jordayne","(Myria Jordayne-aegon)(Myria Jordayne-myria)"
"Marwyn","(Marwyn-marwyn)(Marwyn-robin)(Marwyn-black)"
"Small Paul","(Small Paul-small)(Small Paul-donnel)(Small Paul-eddard)(Small Paul-tyrion)(Small Paul-shae)(Small Paul-urswyck)(Small Paul-barra)(Small Paul-red)(Small Paul-shagwell)(Small Paul-colemon)(Small Paul-todder)(Small Paul-tim)(Small Paul-sandor)(Small Paul-petyr)(Small Paul-marlon)(Small Paul-vayon)(Small Paul-harwin)(Small Paul-symond)(Small Paul-jalabhar)(Small Paul-daemon)(Small Paul-cersei)(Small Paul-paxter)(Small Paul-janos)(Small Paul-mathis)(Small Paul-mace)(Small Paul-jon)(Small Paul-joffrey)(Small Paul-sour)(Small Paul-arya)(Small Paul-clubfoot)(Small Paul-cotter)(Small Paul-qyburn)(Small Paul-aegon)(Small Paul-will)(Small Paul-olenna)(Small Paul-ronnel)(Small Paul-rowan)(Small Paul-olyvar)"
"Harwin","(Harwin-small)(Harwin-harwin)(Harwin-daemon)(Harwin-joffrey)(Harwin-aegon)"
"Jhogo","(Jhogo-red)(Jhogo-jhogo)(Jhogo-skahaz)(Jhogo-doreah)(Jhogo-drogo)"
"Ronnel Harclay","(Ronnel Harclay-small)(Ronnel Harclay-jon)(Ronnel Harclay-aegon)(Ronnel Harclay-ronnel)"
"Lymond Goodbrook","(Lymond Goodbrook-brynden)(Lymond Goodbrook-lymond)(Lymond Goodbrook-maege)(Lymond Goodbrook-galbart)(Lymond Goodbrook-roland)"
"Theomore Lannister","(Theomore Lannister-theomore)"
"Falia Flowers","(Falia Flowers-red)(Falia Flowers-falia)(Falia Flowers-will)"
"Cuger",""
"Sybell Spicer","(Sybell Spicer-brynden)(Sybell Spicer-red)(Sybell Spicer-brown)(Sybell Spicer-will)(Sybell Spicer-sybell)"
"Jommy",""
"Arson","(Arson-arson)(Arson-will)"
"Olenna Redwyne","(Olenna Redwyne-small)(Olenna Redwyne-red)(Olenna Redwyne-alerie)(Olenna Redwyne-brienne)(Olenna Redwyne-petyr)(Olenna Redwyne-cersei)(Olenna Redwyne-paxter)(Olenna Redwyne-mace)(Olenna Redwyne-joffrey)(Olenna Redwyne-sour)(Olenna Redwyne-alla)(Olenna Redwyne-dickon)(Olenna Redwyne-aegon)(Olenna Redwyne-will)(Olenna Redwyne-olenna)"
"Olyvar Frey","(Olyvar Frey-small)(Olyvar Frey-tyrion)(Olyvar Frey-cersei)(Olyvar Frey-ryman)(Olyvar Frey-arya)(Olyvar Frey-aegon)(Olyvar Frey-will)(Olyvar Frey-edmure)(Olyvar Frey-olyvar)"
"Harwood Fell",""
"Red Rolfe","(Red Rolfe-small)(Red Rolfe-eddard)(Red Rolfe-tyrion)(Red Rolfe-shae)(Red Rolfe-brynden)(Red Rolfe-red)(Red Rolfe-barra)(Red Rolfe-pate)(Red Rolfe-tycho)(Red Rolfe-jhogo)(Red Rolfe-sandor)(Red Rolfe-marlon)(Red Rolfe-vayon)(Red Rolfe-falia)(Red Rolfe-garin)(Red Rolfe-alester)(Red Rolfe-symond)(Red Rolfe-tytos)(Red Rolfe-jalabhar)(Red Rolfe-brown)(Red Rolfe-daemon)(Red Rolfe-alayaya)(Red Rolfe-wylis)(Red Rolfe-benfrey)(Red Rolfe-caleotte)(Red Rolfe-cersei)(Red Rolfe-janos)(Red Rolfe-patrek)(Red Rolfe-mathis)(Red Rolfe-maege)(Red Rolfe-raymun)(Red Rolfe-mace)(Red Rolfe-joffrey)(Red Rolfe-illyrio)(Red Rolfe-ryman)(Red Rolfe-sour)(Red Rolfe-mago)(Red Rolfe-robin)(Red Rolfe-doreah)(Red Rolfe-ghost)(Red Rolfe-arya)(Red Rolfe-galbart)(Red Rolfe-qyburn)(Red Rolfe-hother)(Red Rolfe-aegon)(Red Rolfe-will)(Red Rolfe-walda)(Red Rolfe-black)(Red Rolfe-boros)(Red Rolfe-olenna)(Red Rolfe-willam)(Red Rolfe-melisandre)(Red Rolfe-edmure)(Red Rolfe-jason)(Red Rolfe-wendel)(Red Rolfe-jared)(Red Rolfe-sybell)(Red Rolfe-aron)(Red Rolfe-drogo)"
"Hareth (Mole's Town)","(Hareth (Mole's Town)-zei)(Hareth (Mole's Town)-jon)(Hareth (Mole's Town)-hareth)(Hareth (Mole's Town)-black)"
"Joffrey Baratheon","(Joffrey Baratheon-small)(Joffrey Baratheon-eddard)(Joffrey Baratheon-tyrion)(Joffrey Baratheon-shae)(Joffrey Baratheon-red)(Joffrey Baratheon-brienne)(Joffrey Baratheon-sandor)(Joffrey Baratheon-petyr)(Joffrey Baratheon-harwin)(Joffrey Baratheon-daemon)(Joffrey Baratheon-alayaya)(Joffrey Baratheon-cersei)(Joffrey Baratheon-paxter)(Joffrey Baratheon-janos)(Joffrey Baratheon-maege)(Joffrey Baratheon-raymun)(Joffrey Baratheon-joffrey)(Joffrey Baratheon-sour)(Joffrey Baratheon-alla)(Joffrey Baratheon-arya)(Joffrey Baratheon-osfryd)(Joffrey Baratheon-will)(Joffrey Baratheon-black)(Joffrey Baratheon-boros)(Joffrey Baratheon-olenna)"
"Todder","(Todder-small)(Todder-tormund)(Todder-todder)(Todder-jon)(Todder-black)"
"Chataya","(Chataya-cersei)(Chataya-chataya)"
"Sawwood",""
"Jalabhar Xho","(Jalabhar Xho-small)(Jalabhar Xho-red)(Jalabhar Xho-jalabhar)(Jalabhar Xho-cersei)(Jalabhar Xho-will)"
"Rusty Flowers","(Rusty Flowers-rusty)"
"Theo Frey","(Theo Frey-theo)"
"Ralf Stonehouse","(Ralf Stonehouse-ramsay)(Ralf Stonehouse-adrack)(Ralf Stonehouse-ralf)(Ralf Stonehouse-will)"
"Symond Templeton","(Symond Templeton-small)(Symond Templeton-red)(Symond Templeton-benedar)(Symond Templeton-symond)(Symond Templeton-jon)(Symond Templeton-aegon)"
"Mago","(Mago-red)(Mago-mago)(Mago-doreah)(Mago-will)(Mago-jason)(Mago-drogo)"
"Jodge",""
"Erreck",""
"Helman Tallhart","(Helman Tallhart-helman)(Helman Tallhart-arya)"
"Mord","(Mord-tyrion)(Mord-petyr)(Mord-robin)(Mord-will)(Mord-mord)"
"Tim Tangletongue","(Tim Tangletongue-small)(Tim Tangletongue-tim)(Tim Tangletongue-will)"
"Torwynd the Tame",""
"Wendel Manderly","(Wendel Manderly-brynden)(Wendel Manderly-red)(Wendel Manderly-tytos)(Wendel Manderly-wylis)(Wendel Manderly-jon)(Wendel Manderly-walda)(Wendel Manderly-black)(Wendel Manderly-edmure)(Wendel Manderly-wendel)(Wendel Manderly-jared)"
"Caleotte","(Caleotte-red)(Caleotte-caleotte)(Caleotte-obara)"
"Robin Flint","(Robin Flint-tyrion)(Robin Flint-red)(Robin Flint-ramsay)(Robin Flint-petyr)(Robin Flint-marwyn)(Robin Flint-jon)(Robin Flint-robin)(Robin Flint-will)(Robin Flint-mord)(Robin Flint-roland)"
"Maric Seaworth","(Maric Seaworth-maric)(Maric Seaworth-steffon)(Maric Seaworth-black)"
"Holger",""
"Larraq",""
"Watty",""
"Zei","(Zei-zei)(Zei-jon)(Zei-hareth)(Zei-black)"
"Colemon","(Colemon-small)(Colemon-colemon)(Colemon-will)"
"Alerie Hightower","(Alerie Hightower-tyrion)(Alerie Hightower-alerie)(Alerie Hightower-mace)(Alerie Hightower-olenna)"
"Bowen Marsh","(Bowen Marsh-ramsay)(Bowen Marsh-jon)(Bowen Marsh-alliser)(Bowen Marsh-will)(Bowen Marsh-bowen)(Bowen Marsh-edmure)"
"Jason Mallister","(Jason Mallister-eddard)(Jason Mallister-brynden)(Jason Mallister-red)(Jason Mallister-pate)(Jason Mallister-tytos)(Jason Mallister-patrek)(Jason Mallister-maege)(Jason Mallister-ryman)(Jason Mallister-mago)(Jason Mallister-doreah)(Jason Mallister-galbart)(Jason Mallister-aegon)(Jason Mallister-black)(Jason Mallister-jason)(Jason Mallister-drogo)"
"Tymor",""
"Aron Santagar","(Aron Santagar-tyrion)(Aron Santagar-red)(Aron Santagar-janos)(Aron Santagar-aron)"
"Ramsay Snow","(Ramsay Snow-dick)(Ramsay Snow-eddard)(Ramsay Snow-ramsay)(Ramsay Snow-petyr)(Ramsay Snow-kyra)(Ramsay Snow-patrek)(Ramsay Snow-adrack)(Ramsay Snow-jon)(Ramsay Snow-sour)(Ramsay Snow-robin)(Ramsay Snow-alliser)(Ramsay Snow-ralf)(Ramsay Snow-hother)(Ramsay Snow-will)(Ramsay Snow-walda)(Ramsay Snow-black)(Ramsay Snow-bowen)"
"Galbart Glover","(Galbart Glover-eddard)(Galbart Glover-brynden)(Galbart Glover-red)(Galbart Glover-patrek)(Galbart Glover-maege)(Galbart Glover-lymond)(Galbart Glover-jon)(Galbart Glover-galbart)(Galbart Glover-will)(Galbart Glover-jason)(Galbart Glover-roland)"
"Jon Snow","(Jon Snow-small)(Jon Snow-dick)(Jon Snow-tormund)(Jon Snow-eon)(Jon Snow-eddard)(Jon Snow-tyrion)(Jon Snow-styr)(Jon Snow-ygritte)(Jon Snow-brynden)(Jon Snow-barra)(Jon Snow-todder)(Jon Snow-tycho)(Jon Snow-zei)(Jon Snow-ramsay)(Jon Snow-petyr)(Jon Snow-symond)(Jon Snow-wylis)(Jon Snow-dalbridge)(Jon Snow-janos)(Jon Snow-patrek)(Jon Snow-jon)(Jon Snow-ryman)(Jon Snow-robin)(Jon Snow-ghost)(Jon Snow-alliser)(Jon Snow-galbart)(Jon Snow-arya)(Jon Snow-cotter)(Jon Snow-hother)(Jon Snow-hareth)(Jon Snow-aegon)(Jon Snow-will)(Jon Snow-black)(Jon Snow-dalla)(Jon Snow-bowen)(Jon Snow-ebben)(Jon Snow-melisandre)(Jon Snow-edmure)(Jon Snow-wendel)(Jon Snow-ronnel)"
"Cotter Pyke","(Cotter Pyke-small)(Cotter Pyke-tormund)(Cotter Pyke-jon)(Cotter Pyke-cotter)(Cotter Pyke-will)(Cotter Pyke-black)"
"Imry Florent","(Imry Florent-tyrion)(Imry Florent-dickon)(Imry Florent-imry)(Imry Florent-will)"
"Pate (Night's Watch)","(Pate (Night's Watch)-red)(Pate (Night's Watch)-pate)(Pate (Night's Watch)-wylis)(Pate (Night's Watch)-cersei)(Pate (Night's Watch)-aegon)(Pate (Night's Watch)-will)(Pate (Night's Watch)-jason)(Pate (Night's Watch)-jared)"
"Obara Sand","(Obara Sand-daemon)(Obara Sand-caleotte)(Obara Sand-obara)(Obara Sand-will)"
"Alayaya","(Alayaya-tyrion)(Alayaya-shae)(Alayaya-red)(Alayaya-alayaya)(Alayaya-cersei)(Alayaya-joffrey)(Alayaya-osfryd)"
"Roland Crakehall (Lord)","(Roland Crakehall (Lord)-donnel)(Roland Crakehall (Lord)-eddard)(Roland Crakehall (Lord)-brynden)(Roland Crakehall (Lord)-lymond)(Roland Crakehall (Lord)-maege)(Roland Crakehall (Lord)-robin)(Roland Crakehall (Lord)-galbart)(Roland Crakehall (Lord)-roland)"
"Daemon Sand","(Daemon Sand-small)(Daemon Sand-tyrion)(Daemon Sand-brynden)(Daemon Sand-red)(Daemon Sand-quentyn)(Daemon Sand-harwin)(Daemon Sand-daemon)(Daemon Sand-cersei)(Daemon Sand-joffrey)(Daemon Sand-clubfoot)(Daemon Sand-obara)(Daemon Sand-qyburn)(Daemon Sand-aegon)(Daemon Sand-black)"
"Qezza",""
"Aegon Frey (Jinglebell)","(Aegon Frey (Jinglebell)-small)(Aegon Frey (Jinglebell)-tyrion)(Aegon Frey (Jinglebell)-brynden)(Aegon Frey (Jinglebell)-red)(Aegon Frey (Jinglebell)-pate)(Aegon Frey (Jinglebell)-quentyn)(Aegon Frey (Jinglebell)-harwin)(Aegon Frey (Jinglebell)-symond)(Aegon Frey (Jinglebell)-daemon)(Aegon Frey (Jinglebell)-jon)(Aegon Frey (Jinglebell)-clubfoot)(Aegon Frey (Jinglebell)-aegon)(Aegon Frey (Jinglebell)-myria)(Aegon Frey (Jinglebell)-black)(Aegon Frey (Jinglebell)-olenna)(Aegon Frey (Jinglebell)-jason)(Aegon Frey (Jinglebell)-ronnel)(Aegon Frey (Jinglebell)-olyvar)"
"Rolly Duckfield",""
"Conn",""
"Morra",""
"Dick Crabb","(Dick Crabb-dick)(Dick Crabb-ramsay)(Dick Crabb-jon)(Dick Crabb-will)"
"Styr","(Styr-tormund)(Styr-styr)(Styr-ygritte)(Styr-jon)(Styr-black)"
"Eddard Stark","(Eddard Stark-small)(Eddard Stark-eddard)(Eddard Stark-tyrion)(Eddard Stark-red)(Eddard Stark-barra)(Eddard Stark-brienne)(Eddard Stark-ramsay)(Eddard Stark-petyr)(Eddard Stark-vayon)(Eddard Stark-hallis)(Eddard Stark-wylis)(Eddard Stark-cersei)(Eddard Stark-janos)(Eddard Stark-patrek)(Eddard Stark-maege)(Eddard Stark-raymun)(Eddard Stark-jon)(Eddard Stark-joffrey)(Eddard Stark-galbart)(Eddard Stark-arya)(Eddard Stark-will)(Eddard Stark-black)(Eddard Stark-willam)(Eddard Stark-jason)(Eddard Stark-roland)"
"Grazdan","(Grazdan-grazdan)(Grazdan-yurkhaz)(Grazdan-will)"
"Vayon Poole","(Vayon Poole-small)(Vayon Poole-eddard)(Vayon Poole-red)(Vayon Poole-vayon)(Vayon Poole-brown)"
"Romny Weaver",""
"Raymun Darry","(Raymun Darry-eddard)(Raymun Darry-red)(Raymun Darry-raymun)(Raymun Darry-joffrey)(Raymun Darry-arya)(Raymun Darry-steffon)(Raymun Darry-willam)"
"Morros Slynt",""
"Dalla","(Dalla-tormund)(Dalla-jon)(Dalla-will)(Dalla-black)(Dalla-dalla)"
"Robin Ryger","(Robin Ryger-tyrion)(Robin Ryger-red)(Robin Ryger-ramsay)(Robin Ryger-petyr)(Robin Ryger-marwyn)(Robin Ryger-jon)(Robin Ryger-robin)(Robin Ryger-will)(Robin Ryger-mord)(Robin Ryger-roland)"
"Quent","(Quent-tyrion)(Quent-hallis)(Quent-quent)"
"Three-Tooth",""
"Roger Hogg","(Roger Hogg-roger)(Roger Hogg-tytos)(Roger Hogg-mace)"
"Qyburn","(Qyburn-small)(Qyburn-tyrion)(Qyburn-red)(Qyburn-brienne)(Qyburn-petyr)(Qyburn-daemon)(Qyburn-cersei)(Qyburn-qyburn)(Qyburn-will)"
"Barra","(Barra-small)(Barra-eddard)(Barra-tyrion)(Barra-barra)(Barra-red)(Barra-petyr)(Barra-cersei)(Barra-janos)(Barra-jon)(Barra-will)"
"Symon Stripeback","(Symon Stripeback-tyrion)(Symon Stripeback-cersei)(Symon Stripeback-symon)"
"Steffon Swyft","(Steffon Swyft-raymun)(Steffon Swyft-maric)(Steffon Swyft-steffon)(Steffon Swyft-black)"
"Willam Wells","(Willam Wells-eddard)(Willam Wells-red)(Willam Wells-raymun)(Willam Wells-willam)"
"Borcas","(Borcas-borcas)"
"Alliser Thorne","(Alliser Thorne-ramsay)(Alliser Thorne-janos)(Alliser Thorne-patrek)(Alliser Thorne-jon)(Alliser Thorne-alliser)(Alliser Thorne-ghost)(Alliser Thorne-dickon)(Alliser Thorne-will)(Alliser Thorne-black)(Alliser Thorne-bowen)"
"Tytos Blackwood","(Tytos Blackwood-roger)(Tytos Blackwood-brynden)(Tytos Blackwood-red)(Tytos Blackwood-tytos)(Tytos Blackwood-kyra)(Tytos Blackwood-will)(Tytos Blackwood-garse)(Tytos Blackwood-edmure)(Tytos Blackwood-wendel)(Tytos Blackwood-jason)(Tytos Blackwood-jared)"
"Wayn (guard)",""
"Tyrion Lannister","(Tyrion Lannister-small)(Tyrion Lannister-eon)(Tyrion Lannister-eddard)(Tyrion Lannister-tyrion)(Tyrion Lannister-shae)(Tyrion Lannister-barra)(Tyrion Lannister-red)(Tyrion Lannister-alerie)(Tyrion Lannister-sandor)(Tyrion Lannister-hallis)(Tyrion Lannister-cleos)(Tyrion Lannister-quent)(Tyrion Lannister-daemon)(Tyrion Lannister-alayaya)(Tyrion Lannister-wylis)(Tyrion Lannister-cersei)(Tyrion Lannister-janos)(Tyrion Lannister-jon)(Tyrion Lannister-joffrey)(Tyrion Lannister-robin)(Tyrion Lannister-ghost)(Tyrion Lannister-arya)(Tyrion Lannister-osfryd)(Tyrion Lannister-imry)(Tyrion Lannister-qyburn)(Tyrion Lannister-yurkhaz)(Tyrion Lannister-aegon)(Tyrion Lannister-will)(Tyrion Lannister-mord)(Tyrion Lannister-black)(Tyrion Lannister-symon)(Tyrion Lannister-boros)(Tyrion Lannister-edmure)(Tyrion Lannister-stiv)(Tyrion Lannister-aron)(Tyrion Lannister-olyvar)"
"Shae","(Shae-small)(Shae-tyrion)(Shae-shae)(Shae-red)(Shae-alayaya)(Shae-cersei)(Shae-joffrey)(Shae-will)"
"Rhogoro",""
"Adrack Humble","(Adrack Humble-ramsay)(Adrack Humble-adrack)(Adrack Humble-ralf)(Adrack Humble-will)"
"Terrance Lynderly",""
"Mathis Rowan","(Mathis Rowan-small)(Mathis Rowan-red)(Mathis Rowan-cersei)(Mathis Rowan-paxter)(Mathis Rowan-mathis)(Mathis Rowan-mace)(Mathis Rowan-will)(Mathis Rowan-rowan)"
"Shagwell","(Shagwell-small)(Shagwell-urswyck)(Shagwell-shagwell)(Shagwell-brienne)(Shagwell-arya)"
"Donyse",""
"Urswyck","(Urswyck-small)(Urswyck-urswyck)(Urswyck-shagwell)(Urswyck-brienne)(Urswyck-will)"
"Qyle","(Qyle-qyle)"
"Skahaz mo Kandaq","(Skahaz mo Kandaq-quentyn)(Skahaz mo Kandaq-jhogo)(Skahaz mo Kandaq-skahaz)(Skahaz mo Kandaq-will)"
"Arya Stark","(Arya Stark-small)(Arya Stark-kurz)(Arya Stark-eddard)(Arya Stark-tyrion)(Arya Stark-red)(Arya Stark-shagwell)(Arya Stark-brienne)(Arya Stark-tycho)(Arya Stark-sandor)(Arya Stark-petyr)(Arya Stark-cersei)(Arya Stark-raymun)(Arya Stark-mace)(Arya Stark-jon)(Arya Stark-joffrey)(Arya Stark-sour)(Arya Stark-helman)(Arya Stark-arya)(Arya Stark-will)(Arya Stark-black)(Arya Stark-dunsen)(Arya Stark-olyvar)"
"Wylis Manderly","(Wylis Manderly-eddard)(Wylis Manderly-tyrion)(Wylis Manderly-red)(Wylis Manderly-pate)(Wylis Manderly-wylis)(Wylis Manderly-cersei)(Wylis Manderly-jon)(Wylis Manderly-will)(Wylis Manderly-wendel)(Wylis Manderly-jared)"
"Cleos Frey","(Cleos Frey-tyrion)(Cleos Frey-brienne)(Cleos Frey-cleos)(Cleos Frey-edmure)"
"Benfrey Frey","(Benfrey Frey-red)(Benfrey Frey-benfrey)(Benfrey Frey-maege)(Benfrey Frey-ryman)"
"Hother Umber","(Hother Umber-red)(Hother Umber-ramsay)(Hother Umber-jon)(Hother Umber-hother)"
"Brynden Rivers","(Brynden Rivers-donnel)(Brynden Rivers-brynden)(Brynden Rivers-red)(Brynden Rivers-brienne)(Brynden Rivers-petyr)(Brynden Rivers-tytos)(Brynden Rivers-brown)(Brynden Rivers-daemon)(Brynden Rivers-lymond)(Brynden Rivers-maege)(Brynden Rivers-jon)(Brynden Rivers-ryman)(Brynden Rivers-galbart)(Brynden Rivers-aegon)(Brynden Rivers-will)(Brynden Rivers-black)(Brynden Rivers-edmure)(Brynden Rivers-jason)(Brynden Rivers-wendel)(Brynden Rivers-sybell)(Brynden Rivers-roland)"
"Garin (Orphan)","(Garin (Orphan)-red)(Garin (Orphan)-garin)"
"Jynessa Blackmont",""
"Sandor Clegane","(Sandor Clegane-small)(Sandor Clegane-tormund)(Sandor Clegane-tyrion)(Sandor Clegane-red)(Sandor Clegane-brienne)(Sandor Clegane-sandor)(Sandor Clegane-joffrey)(Sandor Clegane-arya)(Sandor Clegane-will)(Sandor Clegane-boros)"
"Andrey Dalt",""
"Petyr Frey","(Petyr Frey-small)(Petyr Frey-donnel)(Petyr Frey-eddard)(Petyr Frey-brynden)(Petyr Frey-barra)(Petyr Frey-brienne)(Petyr Frey-ramsay)(Petyr Frey-petyr)(Petyr Frey-marlon)(Petyr Frey-cersei)(Petyr Frey-janos)(Petyr Frey-jon)(Petyr Frey-joffrey)(Petyr Frey-ryman)(Petyr Frey-robin)(Petyr Frey-arya)(Petyr Frey-qyburn)(Petyr Frey-will)(Petyr Frey-mord)(Petyr Frey-black)(Petyr Frey-olenna)"
"Edmure Tully","(Edmure Tully-tyrion)(Edmure Tully-brynden)(Edmure Tully-red)(Edmure Tully-sarra)(Edmure Tully-brienne)(Edmure Tully-cleos)(Edmure Tully-tytos)(Edmure Tully-patrek)(Edmure Tully-jon)(Edmure Tully-ryman)(Edmure Tully-will)(Edmure Tully-black)(Edmure Tully-bowen)(Edmure Tully-edmure)(Edmure Tully-wendel)(Edmure Tully-olyvar)"
"Boros Blount","(Boros Blount-tyrion)(Boros Blount-red)(Boros Blount-sandor)(Boros Blount-cersei)(Boros Blount-joffrey)(Boros Blount-will)(Boros Blount-boros)"
"Xhondo",""
