"Name","Edge List"
"Garse Goodbrook","(Garse Goodbrook-garse)"
"Marq Piper","(Marq Piper-marq)(Marq Piper-hother)(Marq Piper-cleos)(Marq Piper-patrek)(Marq Piper-raynald)(Marq Piper-ryman)(Marq Piper-roose)(Marq Piper-rodrik)"
"Nymella Toland","(Nymella Toland-arwyn)(Nymella Toland-nymella)(Nymella Toland-donella)"
"Bryen","(Bryen-bryen)"
"Fogo","(Fogo-fogo)"
"Patrek of King's Mountain","(Patrek of King's Mountain-marq)(Patrek of King's Mountain-patrek)(Patrek of King's Mountain-ryman)"
"Emmond",""
"Myles","(Myles-myles)"
"Roose Bolton","(Roose Bolton-marq)(Roose Bolton-aenys)(Roose Bolton-vargo)(Roose Bolton-cleos)(Roose Bolton-wylis)(Roose Bolton-helman)(Roose Bolton-mance)(Roose Bolton-melisandre)(Roose Bolton-pate)(Roose Bolton-justin)(Roose Bolton-kevan)(Roose Bolton-qyburn)(Roose Bolton-randyll)(Roose Bolton-roose)"
"Benedar Belmore","(Benedar Belmore-benedar)"
"Chiggen",""
"Arneld",""
"Garth of Greenaway","(Garth of Greenaway-ulmer)(Garth of Greenaway-cleos)(Garth of Greenaway-donnel)(Garth of Greenaway-garth)(Garth of Greenaway-clubfoot)(Garth of Greenaway-arwyn)(Garth of Greenaway-mathis)"
"Alyn Stackspear","(Alyn Stackspear-aenys)(Alyn Stackspear-sour)(Alyn Stackspear-alyn)(Alyn Stackspear-ulf)(Alyn Stackspear-lothar)"
"Hod",""
"Penny","(Penny-penny)"
"Hallis Mollen","(Hallis Mollen-hallis)(Hallis Mollen-rodrik)"
"Mohor",""
"Viserys Targaryen","(Viserys Targaryen-harwin)(Viserys Targaryen-irri)(Viserys Targaryen-pate)(Viserys Targaryen-viserys)"
"Reznak mo Reznak","(Reznak mo Reznak-reznak)"
"Stiv","(Stiv-mance)(Stiv-brandon)(Stiv-stiv)"
"Thistle",""
"Tom of Sevenstreams","(Tom of Sevenstreams-ryman)(Tom of Sevenstreams-tom)(Tom of Sevenstreams-lothar)(Tom of Sevenstreams-rodrik)"
"Sour Alyn","(Sour Alyn-sour)(Sour Alyn-alyn)(Sour Alyn-spotted)"
"Nestor Royce","(Nestor Royce-nestor)(Nestor Royce-marwyn)(Nestor Royce-moon)"
"Jarl","(Jarl-jarl)(Jarl-mance)"
"Goghor",""
"Ryman Frey","(Ryman Frey-marq)(Ryman Frey-alester)(Ryman Frey-emmon)(Ryman Frey-ryman)(Ryman Frey-tom)(Ryman Frey-alysane)(Ryman Frey-patrek)(Ryman Frey-raynald)"
"Dobber",""
"Nan","(Nan-wylis)(Nan-nan)"
"Humfrey Swyft","(Humfrey Swyft-donnel)(Humfrey Swyft-humfrey)"
"Eggon",""
"Raynald Westerling","(Raynald Westerling-marq)(Raynald Westerling-ryman)(Raynald Westerling-raynald)(Raynald Westerling-sybell)"
"Bessa (Winterfell)",""
"Pate (novice)","(Pate (novice)-spotted)(Pate (novice)-wylis)(Pate (novice)-pate)(Pate (novice)-viserys)(Pate (novice)-roose)"
"Hop-Robin",""
"Sarra Frey","(Sarra Frey-serra)(Sarra Frey-sarra)"
"Ravella Swann","(Ravella Swann-ravella)"
"Osfryd Kettleblack","(Osfryd Kettleblack-lancel)(Osfryd Kettleblack-alayaya)(Osfryd Kettleblack-osfryd)(Osfryd Kettleblack-kevan)"
"Kenned",""
"Alla Tyrell","(Alla Tyrell-alla)"
"Meera Reed","(Meera Reed-wylis)(Meera Reed-meera)(Meera Reed-ghost)"
"Blane","(Blane-blane)"
"Kedge Whiteye","(Kedge Whiteye-kedge)"
"Belwas","(Belwas-rakharo)(Belwas-belwas)"
"Gyles Grafton","(Gyles Grafton-gyles)"
"Dalbridge","(Dalbridge-ebben)(Dalbridge-dalbridge)"
"Gendry","(Gendry-orphan)(Gendry-barra)(Gendry-shireen)(Gendry-mya)(Gendry-melisandre)(Gendry-gendry)"
"Lorent Caswell","(Lorent Caswell-lorent)"
"Donella Hornwood","(Donella Hornwood-nymella)(Donella Hornwood-donella)(Donella Hornwood-arwyn)"
"Grazdar zo Galare",""
"Jacelyn Bywater","(Jacelyn Bywater-cleos)(Jacelyn Bywater-boros)(Jacelyn Bywater-alayaya)(Jacelyn Bywater-jacelyn)"
"Ragnor Pyke",""
"Irri","(Irri-irri)(Irri-moon)(Irri-rakharo)(Irri-viserys)"
"Creighton Longbough",""
"Justin Massey","(Justin Massey-shireen)(Justin Massey-alysane)(Justin Massey-justin)(Justin Massey-roose)"
"Shireen Baratheon","(Shireen Baratheon-alester)(Shireen Baratheon-byron)(Shireen Baratheon-gilly)(Shireen Baratheon-bryan)(Shireen Baratheon-selyse)(Shireen Baratheon-shireen)(Shireen Baratheon-melisandre)(Shireen Baratheon-justin)(Shireen Baratheon-imry)(Shireen Baratheon-gendry)"
"Murenmure","(Murenmure-murenmure)"
"Byron","(Byron-byron)(Byron-shireen)"
"Becca the Baker",""
"Moon Boy","(Moon Boy-nestor)(Moon Boy-ulf)(Moon Boy-irri)(Moon Boy-moon)(Moon Boy-ronnel)(Moon Boy-sybell)"
"Wulfe","(Wulfe-wulfe)"
"Archibald Yronwood","(Archibald Yronwood-archibald)"
"Rigney",""
"Kevan Lannister","(Kevan Lannister-lancel)(Kevan Lannister-boros)(Kevan Lannister-flement)(Kevan Lannister-osfryd)(Kevan Lannister-leo)(Kevan Lannister-kevan)(Kevan Lannister-qyburn)(Kevan Lannister-randyll)(Kevan Lannister-roose)(Kevan Lannister-mathis)"
"Clubfoot Karl","(Clubfoot Karl-donnel)(Clubfoot Karl-clubfoot)(Clubfoot Karl-garth)(Clubfoot Karl-lark)"
"Vyman","(Vyman-vyman)"
"Endehar",""
"Leo Lefford","(Leo Lefford-leo)(Leo Lefford-kevan)"
"Alysane Mormont","(Alysane Mormont-ryman)(Alysane Mormont-alysane)(Alysane Mormont-justin)"
"Poul Pemford",""
"Orphan Oss","(Orphan Oss-orphan)(Orphan Oss-gendry)"
"Lucan","(Lucan-lucan)(Lucan-spotted)"
"Varamyr","(Varamyr-harma)(Varamyr-styr)(Varamyr-ygritte)(Varamyr-mance)(Varamyr-melisandre)(Varamyr-varamyr)"
"Josmyn Peckledon",""
"Melisandre","(Melisandre-emmon)(Melisandre-hubard)(Melisandre-harma)(Melisandre-selyse)(Melisandre-barra)(Melisandre-shireen)(Melisandre-mance)(Melisandre-ghost)(Melisandre-mya)(Melisandre-melisandre)(Melisandre-varamyr)(Melisandre-gendry)(Melisandre-roose)"
"Haldon","(Haldon-haldon)"
"Luco Prestayn",""
"Ghost of High Heart","(Ghost of High Heart-gilly)(Ghost of High Heart-mance)(Ghost of High Heart-meera)(Ghost of High Heart-ghost)(Ghost of High Heart-melisandre)(Ghost of High Heart-lark)"
"Gynir","(Gynir-gynir)(Gynir-farlen)"
"Ygritte","(Ygritte-harma)(Ygritte-styr)(Ygritte-ygritte)(Ygritte-spotted)(Ygritte-mance)(Ygritte-ebben)(Ygritte-varamyr)(Ygritte-morna)"
"Maerie (Whore)",""
"Willit",""
"Jate Blackberry",""
"Ebben","(Ebben-ygritte)(Ebben-ebben)(Ebben-dalbridge)"
"Aemon Estermont","(Aemon Estermont-aemon)(Aemon Estermont-borcas)"
"Grubbs",""
"Sylva Santagar",""
"Horton Redfort","(Horton Redfort-horton)"
"Rodrik Harlaw","(Rodrik Harlaw-marq)(Rodrik Harlaw-hallis)(Rodrik Harlaw-marwyn)(Rodrik Harlaw-farlen)(Rodrik Harlaw-mord)(Rodrik Harlaw-tom)(Rodrik Harlaw-aron)(Rodrik Harlaw-rodrik)"
"Deziel Dalt","(Deziel Dalt-deziel)"
"Shyra Errol",""
"Spotted Cat","(Spotted Cat-sour)(Spotted Cat-ygritte)(Spotted Cat-spotted)(Spotted Cat-lucan)(Spotted Cat-pate)"
"Maris",""
"Ulmer","(Ulmer-ulmer)(Ulmer-donnel)(Ulmer-mance)(Ulmer-garth)"
"Serra Frey","(Serra Frey-serra)(Serra Frey-sarra)"
"Emmon Cuy","(Emmon Cuy-cleos)(Emmon Cuy-emmon)(Emmon Cuy-ryman)(Emmon Cuy-melisandre)"
"Alester Florent","(Alester Florent-alester)(Alester Florent-ryman)(Alester Florent-selyse)(Alester Florent-shireen)"
"Jhezane",""
"Gylbert Farwynd",""
"Marwyn","(Marwyn-nestor)(Marwyn-marwyn)(Marwyn-rodrik)"
"Parmen Crane",""
"Harwin","(Harwin-harwin)(Harwin-viserys)"
"Mance Rayder","(Mance Rayder-ulmer)(Mance Rayder-jarl)(Mance Rayder-yellow)(Mance Rayder-harma)(Mance Rayder-dalla)(Mance Rayder-styr)(Mance Rayder-ygritte)(Mance Rayder-mance)(Mance Rayder-alayaya)(Mance Rayder-ghost)(Mance Rayder-varamyr)(Mance Rayder-melisandre)(Mance Rayder-morna)(Mance Rayder-stiv)(Mance Rayder-roose)"
"Moreo Tumitis",""
"Pia","(Pia-pia)"
"Meribald","(Meribald-meribald)"
"Jhogo","(Jhogo-rakharo)(Jhogo-skahaz)(Jhogo-jhogo)"
"Brandon Norrey","(Brandon Norrey-brandon)(Brandon Norrey-stiv)"
"Ronnel Harclay","(Ronnel Harclay-moon)(Ronnel Harclay-ronnel)"
"Theomore Lannister","(Theomore Lannister-theomore)"
"Hugo Vance","(Hugo Vance-hugo)"
"Falia Flowers","(Falia Flowers-falia)"
"Cuger",""
"Sybell Spicer","(Sybell Spicer-moon)(Sybell Spicer-raynald)(Sybell Spicer-sybell)"
"Matthar","(Matthar-matthar)"
"Flement Brax","(Flement Brax-flement)(Flement Brax-kevan)"
"Preston Greenfield","(Preston Greenfield-preston)(Preston Greenfield-boros)(Preston Greenfield-aron)"
"Endrew Tarth","(Endrew Tarth-endrew)"
"Lark","(Lark-donnel)(Lark-ghost)(Lark-clubfoot)(Lark-lark)"
"Rakharo","(Rakharo-irri)(Rakharo-rakharo)(Rakharo-belwas)(Rakharo-jhogo)"
"Vargo Hoat","(Vargo Hoat-vargo)(Vargo Hoat-wylis)(Vargo Hoat-roose)"
"Arwyn Frey","(Arwyn Frey-nymella)(Arwyn Frey-donella)(Arwyn Frey-garth)(Arwyn Frey-arwyn)"
"Harma","(Harma-harma)(Harma-dalla)(Harma-styr)(Harma-ygritte)(Harma-mance)(Harma-varamyr)(Harma-melisandre)(Harma-morna)"
"Clayton Suggs","(Clayton Suggs-clayton)"
"Quaro","(Quaro-quaro)(Quaro-mirri)"
"Jothos Slynt",""
"Todder","(Todder-todder)"
"Jalabhar Xho","(Jalabhar Xho-jalabhar)"
"Rusty Flowers","(Rusty Flowers-rusty)"
"Theo Frey","(Theo Frey-theo)(Theo Frey-lothar)"
"Selyse Florent","(Selyse Florent-alester)(Selyse Florent-gilly)(Selyse Florent-bryan)(Selyse Florent-selyse)(Selyse Florent-shireen)(Selyse Florent-melisandre)(Selyse Florent-imry)(Selyse Florent-randyll)"
"Mya Stone","(Mya Stone-barra)(Mya Stone-mya)(Mya Stone-melisandre)(Mya Stone-gendry)"
"Erreck",""
"Helman Tallhart","(Helman Tallhart-helman)(Helman Tallhart-randyll)(Helman Tallhart-roose)"
"Arron Qorgyle",""
"Mord","(Mord-mord)(Mord-rodrik)"
"Gilly","(Gilly-gilly)(Gilly-selyse)(Gilly-shireen)(Gilly-ghost)(Gilly-randyll)"
"Torwynd the Tame",""
"Ulf son of Umar","(Ulf son of Umar-alyn)(Ulf son of Umar-ulf)(Ulf son of Umar-moon)"
"Maric Seaworth","(Maric Seaworth-maric)"
"Fornio",""
"Yellow Dick","(Yellow Dick-yellow)(Yellow Dick-mance)"
"Larraq",""
"Watty",""
"Colemon","(Colemon-colemon)"
"Alerie Hightower","(Alerie Hightower-alerie)"
"Duram Bar Emmon",""
"Mero","(Mero-mero)"
"Lancel Lannister","(Lancel Lannister-lancel)(Lancel Lannister-osfryd)(Lancel Lannister-kevan)(Lancel Lannister-qyburn)"
"Aron Santagar","(Aron Santagar-preston)(Aron Santagar-aron)(Aron Santagar-rodrik)"
"Unella","(Unella-unella)"
"Dagon Codd","(Dagon Codd-dagon)"
"Imry Florent","(Imry Florent-selyse)(Imry Florent-shireen)(Imry Florent-imry)(Imry Florent-randyll)"
"Umar",""
"Tregar","(Tregar-tregar)"
"Mirri Maz Duur","(Mirri Maz Duur-quaro)(Mirri Maz Duur-mirri)"
"Qarl Shepherd","(Qarl Shepherd-qarl)"
"Pate (Night's Watch)","(Pate (Night's Watch)-spotted)(Pate (Night's Watch)-wylis)(Pate (Night's Watch)-pate)(Pate (Night's Watch)-viserys)(Pate (Night's Watch)-roose)"
"Alayaya","(Alayaya-boros)(Alayaya-alayaya)(Alayaya-mance)(Alayaya-osfryd)(Alayaya-jacelyn)"
"Lothar Frey","(Lothar Frey-theo)(Lothar Frey-alyn)(Lothar Frey-tom)(Lothar Frey-lothar)"
"Monford Velaryon",""
"Hubard Rambton","(Hubard Rambton-hubard)(Hubard Rambton-melisandre)"
"Qezza",""
"Rolly Duckfield",""
"Belaquo",""
"Styr","(Styr-harma)(Styr-styr)(Styr-ygritte)(Styr-mance)(Styr-varamyr)"
"Randyll Tarly","(Randyll Tarly-cleos)(Randyll Tarly-gilly)(Randyll Tarly-selyse)(Randyll Tarly-helman)(Randyll Tarly-william)(Randyll Tarly-imry)(Randyll Tarly-kevan)(Randyll Tarly-randyll)(Randyll Tarly-roose)(Randyll Tarly-mathis)"
"Donnel Locke","(Donnel Locke-ulmer)(Donnel Locke-donnel)(Donnel Locke-garth)(Donnel Locke-clubfoot)(Donnel Locke-lark)(Donnel Locke-humfrey)"
"Greydon Goodbrother",""
"Dalla","(Dalla-dalla)(Dalla-harma)(Dalla-mance)(Dalla-morna)"
"Tumco Lho",""
"Three-Tooth",""
"Qyburn","(Qyburn-lancel)(Qyburn-kevan)(Qyburn-qyburn)(Qyburn-roose)"
"Roger Hogg","(Roger Hogg-roger)"
"Barra","(Barra-barra)(Barra-mya)(Barra-melisandre)(Barra-gendry)"
"Harrag Sharp","(Harrag Sharp-harrag)"
"Borcas","(Borcas-aemon)(Borcas-borcas)"
"Grazdan mo Ullhor","(Grazdan mo Ullhor-grazdan)"
"Nage",""
"Del","(Del-del)"
"Terrance Lynderly",""
"Mathis Rowan","(Mathis Rowan-garth)(Mathis Rowan-kevan)(Mathis Rowan-randyll)(Mathis Rowan-mathis)"
"Bennet","(Bennet-bennet)"
"Kromm",""
"Gorold Goodbrother","(Gorold Goodbrother-gorold)"
"Qyle","(Qyle-qyle)"
"Ossy",""
"Skahaz mo Kandaq","(Skahaz mo Kandaq-skahaz)(Skahaz mo Kandaq-jhogo)"
"Cleos Frey","(Cleos Frey-marq)(Cleos Frey-cleos)(Cleos Frey-emmon)(Cleos Frey-garth)(Cleos Frey-william)(Cleos Frey-jacelyn)(Cleos Frey-randyll)(Cleos Frey-roose)"
"Wylis Manderly","(Wylis Manderly-vargo)(Wylis Manderly-wylis)(Wylis Manderly-meera)(Wylis Manderly-pate)(Wylis Manderly-nan)(Wylis Manderly-roose)"
"Hother Umber","(Hother Umber-marq)(Hother Umber-hother)"
"Jynessa Blackmont",""
"Bryan Fossoway","(Bryan Fossoway-bryan)(Bryan Fossoway-selyse)(Bryan Fossoway-shireen)"
"William Mooton","(William Mooton-cleos)(William Mooton-william)(William Mooton-randyll)"
"Andrey Dalt",""
"Boros Blount","(Boros Blount-preston)(Boros Blount-boros)(Boros Blount-alayaya)(Boros Blount-jacelyn)(Boros Blount-kevan)"
"Morna White Mask","(Morna White Mask-harma)(Morna White Mask-dalla)(Morna White Mask-ygritte)(Morna White Mask-mance)(Morna White Mask-morna)"
"Farlen","(Farlen-gynir)(Farlen-farlen)(Farlen-rodrik)"
"Aenys Frey","(Aenys Frey-aenys)(Aenys Frey-alyn)(Aenys Frey-roose)"
